TubalLara/HolaMundoCS,C#,0.25,1,0,0.261111,0.0,0,0.0,142,0.0,active,0
divega/UdfCodeFirstSample,C#,0.545455,1,0,0.148402,1.666667,1,0.0,358,0.0,active,3
gowgos5/S10147135MP1,Java,0.5,1,0,0.195122,0.0,0,0.0,132,0.0,active,0
kwappa/pebbles,Ruby,0.666667,0,0,0.047619,0.0,0,0.0,20,0.25,dormant,3
nuka1195/plugin.image.flickr,Python,0.777778,1,0,0.234783,0.0,0,0.0,1059,0.0,dormant,0
ClassProjects/HMS,PHP,0.558282,2,0,0.206956,0.0,1,0.0,32699,0.007877,dormant,0
Andrey19/Calculator,C#,0.923077,1,0,0.078176,0.0,0,0.0,280,0.0,dormant,0
kennycason/porn_detector,Java,1.0,1,0,0.050633,0.0,0,0.0,258,0.37931,active,3
wulczer/onlyhighlight,C++,0.0,0,0,0.030303,0.0,1,0.0,160,0.0,dormant,5
Ingener74/Simple-Physics-Simulations,C++,0.90625,1,0,0.18472,1.454545,0,0.090909,847,0.0,dormant,0
spitzauer/pyTVHeadEndEdit,Python,0.0,1,0,0.010204,4.5,0,0.0,101,0.0,active,0
hnakamur/switch_net_configs,C,0.0,1,0,0.243346,0.0,1,0.0,225,0.0,dormant,0
DylanJ/wasistdas,C,0.666667,1,0,0.029995,0.0,0,0.0,1965,0.0,dormant,0
danillosantana/TexasHold,Java,1.0,1,0,0.248355,0.0,0,0.0,459,0.0,dormant,0
ubimix/org.ubimix.scraper.pageset,Java,0.9375,2,0,0.327633,0.857143,1,0.0,983,0.421548,dormant,0
itnok/Instagram2EyeEm,PHP,0.086957,1,0,0.161444,0.0,0,0.0,1231,0.0,dormant,5
benzookapi/PayPalCheckoutDemo,Java,0.75,1,0,0.132335,0.0,1,0.0,695,0.0,active,0
sorcerer-com/MyHome,C#,0.828571,1,0,0.04282,0.0,0,0.0,340862,0.0,active,0
nakajima/hatter,Ruby,0.230769,1,0,0.061818,0.0,1,0.0,333,0.381443,dormant,13
ojuba-org/okasha,Python,0.8,1,0,0.158481,0.0,0,0.0,2796,0.0,dormant,1
freephys/Beginning-Python-Visualization,Python,0.042553,1,0,0.170897,0.0,0,0.0,1470,0.0,dormant,8
toland/qlmarkdown,C,0.333333,7,0,0.163043,1.133333,0,0.653333,791,0.0,active,1731
blackwinter/rb-gsl,C,0.879195,1,1,0.053021,5.642857,1,0.928571,77300,0.0,active,26
matt-tingen/simpletest,Python,1.0,1,0,0.07234,0.0,1,0.0,317,0.0,active,0
FluxDenisty/ASCII-Enthusiasts-72-hour-2014,C++,0.0,1,0,0.0,0.0,0,0.0,64,0.0,dormant,0
Dockdep/seocrm,PHP,0.13467,1,0,0.243294,0.0,0,0.0,15997,0.0,dormant,0
Vodurden/vim-config,C++,0.78423,1,0,0.195835,1.571429,1,0.0,470913,0.075665,dormant,1
boothale/faexport,Ruby,1.0,1,0,0.189781,0.0,1,0.0,588,0.0,active,6
seekshreyas/nltk-book-solutions,Python,1.0,1,0,0.432099,0.0,1,0.0,97,0.0,dormant,1
fredytgn/Test,PHP,0.97479,1,0,0.510417,0.0,0,0.0,11285,0.0,active,0
Maximell/RSI,C,0.333333,1,0,0.024845,0.0,0,0.0,157,0.0,dormant,0
rafkhan/textual-sms,Java,0.875,1,0,0.16129,2.5,0,0.0,445,0.096346,dormant,0
andykras/Registry-Of-Singletons,C#,0.875,1,0,0.265432,0.0,0,0.0,608,0.0,active,0
mariaag/CampusUnizar,Java,0.263158,3,0,0.108542,0.0,0,0.0,3277,0.027219,dormant,0
javamax/websocket-samples,Java,0.888889,1,0,0.215287,0.0,1,0.0,2459,0.0,dormant,0
awh44/ScheduleBuilder,Python,0.5,1,0,0.021978,1.6,0,0.0,94,0.0,active,0
systemed/mapcss_ruby,Ruby,0.9375,0,0,0.09739,0.0,0,0.0,899,0.0,dormant,5
fedoriusv/optlab,C++,0.545455,1,0,0.095819,0.0,0,0.0,8977,0.0,active,0
jgrizou/robot_2WD,C#,0.737705,1,0,0.04614,1.6,1,0.0,70183,0.0,active,1
yiqingnian28/mystl,C++,0.5,1,0,0.210526,0.0,0,0.0,15,0.0,dormant,0
cetorres/imagemail,PHP,0.5,1,0,0.033618,0.0,0,0.0,3293,0.0,dormant,0
netonjm/MultiCrono,C#,0.810811,1,0,0.335754,0.0,0,0.0,2775,0.0,dormant,0
hjguyue/matplot,Python,0.5,1,0,0.294304,0.0,0,0.0,225,0.0,dormant,0
davidrivera/CakePHP-Blog,PHP,0.917808,1,1,0.319187,0.0,1,0.0,152569,0.006208,dormant,0
jespinozac95/TP3_sml,Python,0.94362,2,0,0.243425,0.0,0,0.0,70387,0.210027,dormant,0
maccradar/ubx,C++,0.818182,3,0,0.231623,5.0,0,0.6,1609,0.0,dormant,0
mtdukes/vidSplit,Python,0.0,0,0,0.181818,0.0,0,0.0,18,0.0,dormant,4
riaqn/interfacelift-grabber,Python,0.0,1,0,0.006135,2.166667,0,0.0,198,0.0,dormant,4
QQrofl/WoWProjectsFree,C++,0.8,1,0,0.041178,0.0,0,0.0,3030,0.0,dormant,1
Kubci/Hotel,Java,0.73913,2,0,0.114504,34.0,0,0.0,1972,0.122589,dormant,0
ricpol/quickreport,Python,0.782609,1,0,0.146145,0.0,1,0.0,5209,0.118021,dormant,0
nathanEller/demo_app,Ruby,0.195652,1,0,0.293137,0.0,0,0.0,857,0.298551,dormant,0
pdehn/fjck,Java,1.0,1,0,0.148005,0.0,1,0.0,673,0.0,dormant,1
cghil/rails-todo-api,Ruby,0.111111,1,0,0.226777,0.0,0,0.0,9847,0.182243,active,0
meshy/meshy.github.com,Ruby,0.0,1,0,0.00974,2.097561,0,0.0,305,0.0,active,0
giperFox/WebAppOwinAndAngular,C#,0.4,1,0,0.169266,0.0,1,0.0,217113,0.0,active,0
szymonbaranczyk/db-struct-parser,Java,0.857143,2,0,0.196162,0.0,0,0.0,384,0.072131,active,2
Supernats/mustachioed-nemesis,Ruby,0.473684,1,0,0.299647,0.0,0,0.0,675,0.129676,dormant,0
PauloFalkaniere/TIFinanceiro,Ruby,0.136986,1,0,0.322321,0.0,0,0.0,1251,0.326889,dormant,0
yijixiuxin/hengdeli,PHP,0.907121,1,0,0.332947,0.0,1,0.0,86306,0.0,dormant,0
iramykytyn/makefiles,C++,0.0,1,0,0.0,0.0,0,0.0,46,0.0,dormant,0
dplummer/hyper-gate,Ruby,0.333333,1,0,0.585095,0.0,1,0.0,388,0.072,dormant,0
liyonghelpme/fenshenUI,Java,0.95122,1,0,0.205188,0.0,1,0.0,11233,0.0,dormant,0
gotenxds/Hacktinko,Java,1.0,1,0,0.0,0.0,0,0.0,136,0.0,dormant,0
Swahhillie/NetGame,C,0.666667,1,0,0.233579,0.0,1,0.0,198021,0.822061,dormant,0
KarasawaTakahiro/DropBackup,Python,0.666667,1,0,0.229258,12.0,0,0.0,370,0.0,dormant,0
gdmec07120711/capture,Java,0.973684,1,0,0.265759,0.0,1,0.0,41737,0.0,dormant,0
pyushsingh/magento2,PHP,0.98663,1,0,0.292303,0.0,1,0.0,1493725,0.001064,active,0
Tigraine/www.tigraine.at,Ruby,0.333333,1,0,0.001355,9.555556,1,0.111111,58967,0.0,dormant,3
rdegges/django_project,Python,0.153846,1,0,0.442353,25.0,0,0.25,238,0.0,dormant,19
msheremeta/sombra-store,Java,1.0,1,0,0.054277,0.0,0,0.0,4240,0.0,active,0
sanguis/nginx_drupal,Ruby,0.111111,1,0,0.347594,2.642857,1,0.0,287,0.0,active,2
danmichaelo/FLFBot,Python,0.0,1,0,0.15859,1.0,1,0.0,207,0.0,active,0
Benguang/hello,C++,0.0,1,0,0.0,0.0,0,0.0,9,0.0,dormant,0
martinsveda/Lunchtime,C#,0.6875,1,0,0.134093,0.0,0,0.0,982,0.0,dormant,0
CRSL/VRCV-github-test,C#,0.866667,1,0,0.239166,0.0,0,0.0,7826,0.0,dormant,0
Musashicl/CastillodeTela,Java,0.818182,1,0,0.159145,0.0,1,0.0,2160,0.0,active,0
jbwilmoth/skeletor_sin,Ruby,0.285714,1,0,0.330948,0.0,0,0.0,450,0.015228,dormant,1
marieleger/TheLegendofSelda,Java,0.583333,2,0,0.177167,0.0,0,0.0,1737,0.0,active,0
rubberyuzu/andymori_oideyo,Ruby,0.15,1,0,0.281341,0.0,0,0.0,1111,0.137931,dormant,0
rosskinney/my_first_rails_app,Ruby,0.333333,0,0,0.426439,0.0,0,0.0,296,0.0,dormant,0
sagarbendale/E-Comm-Site,Java,0.92,1,0,0.180744,0.0,1,0.0,226523,0.0,active,0
wishtack/py-restclient,Python,0.944444,1,0,0.273917,0.0,1,0.0,1778,0.39527,active,1
Raptr/Heliotrope,Python,0.857143,0,0,0.159152,0.0,0,0.0,11211,0.0,dormant,9
shyful/Day15,C#,0.454545,2,0,0.210923,0.0,0,0.0,414,0.0,active,0
FamilySearch/gedcomx,Java,0.0,2,0,0.0125,20.255814,1,6.651163,4197,0.0,active,152
bkgood/portaudio-pulseaudio,C,0.87037,0,0,0.182034,0.0,1,0.0,128724,0.331773,dormant,3
hayd/interval,Python,0.666667,2,1,0.690909,0.032967,0,0.010989,680,0.05506,dormant,2
NaterGator/AndroidOpenCV_mods,C++,0.810491,0,0,0.27172,0.0,1,0.0,362399,0.046529,dormant,2
mystical-myth/math-label-c-,C#,0.0,1,0,0.006329,0.0,0,0.0,174,0.0,dormant,0
activelamp/taxonomy-bundle,PHP,0.615385,2,1,0.348732,6.285714,0,0.285714,967,0.033233,dormant,1
phanthinh/trackings,PHP,0.582828,1,0,0.083736,0.0,1,0.0,929187,9.3e-05,dormant,0
wireframe/rspec-lintable,Ruby,0.333333,1,0,0.277778,0.0,1,0.0,53,0.769231,dormant,0
robinjha/Android-Video-Streaming,Java,0.75,1,0,0.072626,0.0,0,0.0,332,0.0,dormant,39
bhuvi86/chost-server,Python,1.0,1,0,0.136752,0.0,0,0.0,101,0.0,active,0
canonresearchfrance/eve-nsd,C,0.909091,2,0,0.059092,0.0,1,0.0,8646,0.0,dormant,0
amiranda222/project_gutenberg,Python,0.25,1,0,0.585227,0.0,0,0.0,73,0.0,dormant,0
dysnomia/kit-plag,C++,0.773288,1,0,0.093185,0.0,1,0.0,624473,0.005416,dormant,0
PalmPTSJ/NetworkHelper,C++,0.9,1,0,0.044265,2.666667,1,0.2,6974,0.0,active,0
leeroybrun/HostsFileManager,C#,0.555556,1,0,0.112485,0.0,1,0.0,715,0.0,active,0
gaorx/Roboq,Java,0.870968,1,0,0.301113,0.0,1,0.0,2434,0.102205,dormant,0
crosstest/skeptic,Ruby,0.96875,1,0,0.091387,19.0,1,0.0,1402,0.253363,active,0
damasiorafael/blogdodam,PHP,0.946565,1,0,0.251605,0.0,1,0.0,229690,0.0,dormant,0
flying-donut/Openid4java-MongoDB-ConsumerAssociationStore,Java,1.0,2,0,0.039514,0.0,1,0.0,372,0.0,dormant,1
vincent-botbol/PC2R-BR,Java,0.9,6,0,0.095134,88.0,0,0.0,4320,0.0,dormant,0
ElliotPenson/simon,Python,0.5,1,0,0.0,0.0,1,0.0,32,0.0,dormant,0
jmcclelland/net.ourpowerbase.report.advancedfundraising,PHP,0.526316,1,0,0.214138,1.5,1,0.0,6462,0.0,active,0
Xarlox/Codecademy,Python,0.5,1,0,0.038462,0.0,0,0.0,78,0.0,dormant,0
gurumov/RubyBullsAndCows,Ruby,0.40625,1,0,0.09417,0.0,0,0.0,970,0.017857,dormant,0
cwninja/rack-cache-buster,Ruby,0.714286,0,0,0.0,0.0,0,0.0,225,0.053333,dormant,7
phoesarah/mysite,Python,0.272727,1,0,0.230769,0.0,0,0.0,121,0.0,dormant,0
remac/MyMongoDB,Ruby,0.5,1,0,0.0,0.0,0,0.0,8,0.0,dormant,0
NicoSa/Tiny-Sinatra-Tutorial,Ruby,0.25,1,0,0.0,0.0,0,0.0,44,0.0,dormant,0
stasikus/RoswarHelper,C#,0.571429,1,0,0.002878,6.333333,0,0.0,59549,0.0,active,0
skrall/mailoverlord,Java,0.892857,1,1,0.109562,2.470588,1,0.0,16240,0.417582,dormant,0
12krio/AppFuseSample,Java,0.701754,1,0,0.0889,0.0,1,0.0,13002,0.053854,active,0
saxulum/saxulum-webprofiler-provider,PHP,0.833333,1,1,0.263566,0.789474,1,0.052632,742,0.232719,active,1
palominolabs/jersey-guice-dispatch-wrapper,Java,0.916667,1,0,0.156295,1.090909,1,0.0,725,0.641414,dormant,1
Plain-Andy/android_platform_packages_apps_Dialer,Java,0.984615,1,0,0.216025,0.0,1,0.0,32231,0.044829,dormant,0
jomenxiao/studyPython,Python,0.8,1,0,0.193347,0.25,0,0.0,396,0.0,active,0
petertbernhardt/javaPostTest,Java,0.0,1,0,0.205882,0.0,0,0.0,54,0.0,dormant,0
tjhei/looper,C++,0.0,1,0,0.072581,0.555556,0,0.0,129,0.0,active,0
pablomarti/Pilgrim,Ruby,0.166667,2,0,0.27567,21.0,1,0.0,719,0.40481,dormant,4
jiayuehua/MFCProgramming,C++,0.746594,1,0,0.242176,0.0,0,0.0,23462,0.0,dormant,0
msfrank/terane-toolbox,Python,0.875,1,0,0.322558,8.5,1,0.0,2873,0.019298,dormant,0
mf2492/demo_app,Ruby,0.391304,1,0,0.377125,0.0,0,0.0,415,0.128713,dormant,0
thewillchang/CellSociety,Java,1.0,3,0,0.065507,94.666664,1,0.0,10981,0.0,active,0
gautamh/transloc_v1,C#,0.6,1,0,0.003916,8.0,0,0.0,71034,0.0,active,0
francorisso/movie-trailer-website,Python,0.333333,1,0,0.476602,0.0,1,0.0,38743,0.0,active,0
serovvitaly/noticeboard_1,PHP,0.772853,0,1,0.416727,0.0,1,0.0,38010,0.125119,dormant,0
LimeStreem/TypeSharp_Delegates,C#,0.5,1,0,0.144578,0.0,1,0.0,136,0.0,active,0
brendonjohn/mess-with-lettuce,Python,1.0,1,0,0.0,0.0,0,0.0,29,0.7,dormant,0
uvc-ingenieure/liblcd,C++,0.454545,1,0,0.303954,3.833333,1,0.0,840,0.0,dormant,0
mastiz/obexd,C,0.978947,0,0,0.096855,0.0,1,0.0,25949,0.13145,dormant,2
Wynshaft/loopsOP,PHP,0.0,2,0,0.447619,0.0,0,0.0,58,0.0,dormant,0
pep-githubber/pep-chat-SAryal,Python,1.0,2,0,0.045455,0.0,0,0.0,190,0.0,active,0
struthio/phpOregonI600,PHP,0.8,1,0,0.242735,0.0,1,0.0,461,0.0,dormant,0
cjdd3b/fec-standardizer,Python,0.481481,1,0,0.211409,0.0,0,0.0,962,0.152128,dormant,40
gamedesignclub/CrackedStone,C#,0.5,2,0,0.016064,5.0,0,0.0,490,0.0,active,0
Fruglemonkey/GoogleTracking,Python,1.0,1,0,0.25,0.0,0,0.0,163,0.0,active,0
marcobrasci1986/AngularJsWithSpringBackend,Java,0.73913,1,0,0.174865,0.0,1,0.0,405846,0.0,dormant,0
romario13/hz-queue,Java,1.0,1,0,0.049558,0.0,1,0.0,605,0.0,dormant,2
hyperlobic/gst-plugins-bad,C,0.884462,1,0,0.148281,10.0,1,0.0,362100,0.275275,dormant,0
allan-d-c/Foldable-Strip-Challenge,Java,1.0,1,0,0.0,0.5,0,0.0,171,0.266667,active,0
ReeseEifler/SecretOfThePyramids,C#,0.125,1,0,0.023976,0.0,0,0.0,962,0.0,dormant,0
StevenRS11/DimDoors,Java,0.919149,2,0,0.129487,58.277779,0,10.166667,24709,0.0,dormant,19
TUM-DS-WS2013/BasicStorageServer,Java,1.0,1,0,0.218426,0.0,0,0.0,1284,0.184874,dormant,0
yjchen/bootstrap-rails-engine,Ruby,0.2,2,0,0.070724,2.318182,1,0.318182,9789,0.0,dormant,17
shailshnailwal/windowTest,Java,0.5,1,0,0.018634,0.0,0,0.0,158,0.0,dormant,0
crypticshell/chef-repo,Ruby,0.25,2,0,0.54878,0.0,1,0.0,179,0.0,dormant,0
miphreal/safep,Python,0.714286,1,0,0.16622,0.692308,0,0.076923,340,0.067524,dormant,1
FlippySource/TwentyForty,Java,1.0,1,0,0.036689,0.0,0,0.0,1024,0.0,dormant,0
Jonathonbyrd/facebook-comments-plugin,PHP,0.5,0,0,0.252436,0.0,0,0.0,844,0.0,dormant,1
MagicalTux/xkcd1416,PHP,0.0,0,0,0.181818,0.0,0,0.0,42,0.0,dormant,1
gangeshwark/MOOCCatalog,Java,0.8,1,0,0.094101,0.0,1,0.0,6261,0.006274,active,1
scott-linder/cs3310-txt2bin,C,0.0,1,0,0.52,0.0,1,0.0,39,1.0,active,0
kaleissin/django-tag-tools,Python,0.272727,1,0,0.135135,0.875,0,0.0625,313,0.129032,active,7
Skyost/SkyoticketsDesktop,Java,1.0,1,0,0.0,0.0,0,0.0,670,0.0,dormant,0
jollyrogerjonesy/TECH-301-Prog-Vis-Media,C++,0.870307,1,0,0.310333,0.0,1,0.0,298292,0.084019,dormant,0
Omegaice/Pong,C++,0.777778,1,0,0.04908,0.0,0,0.0,465,0.0,dormant,0
ofZach/ofxNamedColors,C++,1.0,0,0,0.012278,0.0,0,0.0,3074,0.0,dormant,10
podlesh/jaxb-bug,Java,1.0,1,0,0.062857,0.0,0,0.0,168,0.0,dormant,1
pakillottk/Practica_4_Final,C++,1.0,1,0,0.164706,0.0,0,0.0,645,0.0,dormant,0
wwdenisov/sort,C++,0.0,1,0,0.398305,0.0,0,0.0,71,0.0,active,0
saxon17/WeiXinPoll,Python,0.470588,1,0,0.266667,5.0,0,0.0,309,0.005102,dormant,0
if1live/gotoamc,C++,0.973684,1,0,0.129879,0.0,1,0.0,11171,0.0,dormant,0
mostlyfine/chef-ndenv,Ruby,0.2,1,0,0.172043,0.0,0,0.0,212,0.0,dormant,2
huyuwen/spark-bookshelf,Java,1.0,0,0,0.055556,0.0,0,0.0,384,0.0,dormant,2
hellolintong/github_rank,Python,0.521739,1,0,0.030451,0.0,0,0.0,9139,0.0,active,1
fingerpaintmarketing/wp-widget-base,PHP,0.0,2,0,0.378788,0.0,1,0.0,253,0.0,dormant,2
wangqian227/CucumberFromScratch,Ruby,0.666667,1,0,0.0,0.0,0,0.0,28,0.0,dormant,1
bhnedo/storm-social-analyzer,Java,0.904762,1,0,0.029774,0.0,0,0.0,953,0.0,dormant,3
jmcb/murderrl,Python,0.761905,0,0,0.314149,0.0,0,0.0,6942,0.130079,dormant,7
kylemorton5770/shoppingSiteRails,Ruby,0.08,1,0,0.490809,0.0,0,0.0,289,0.081081,active,0
recondita/NeutronalesNetz,Java,1.0,2,0,0.164916,79.5,0,0.0,2625,0.0,dormant,0
ambrozie/aslrbypass-poc,C,0.0,1,0,0.141463,0.0,0,0.0,182,0.0,active,0
nikolaydio/GameDev,C++,0.823529,1,0,0.024158,25.0,0,1.0,1542,0.0,dormant,0
MikhailSkiy/ATM,C#,0.9375,1,0,0.217937,0.0,0,0.0,1738,0.0,active,0
wctaiwan/Thanks,PHP,0.3,3,0,0.178991,16.666668,1,0.333333,3142,0.032116,dormant,0
ivanwebpro/idea_app,PHP,0.950276,1,0,0.257341,5.5,1,1.5,295531,0.0,active,1
Lyonbak/lyonbak.github.com,Ruby,0.0,2,0,0.0,1.277778,0,0.0,2,0.0,dormant,0
gtwade/mineclone,Java,1.0,1,0,0.037037,0.0,0,0.0,272,0.0,dormant,0
renzon/graphapiclone,Python,0.5,1,0,0.058824,0.0,1,0.0,263,0.0,dormant,0
oldscienceguy/PebbleSDR,C,0.526203,2,0,0.141353,24.727274,1,0.0,557241,0.066973,active,1
garrettqmartin8/has_tags,Ruby,0.705882,1,0,0.052632,28.0,1,0.0,380,0.388889,dormant,2
ajk1311/AsyncIntentService,Java,0.5,1,0,0.188525,0.0,0,0.0,102,0.0,dormant,0
Intueor/Dar,C++,0.117647,1,0,0.150573,14.5,0,0.0,7192,0.0,active,0
acrozatier/REX,Python,0.4,1,0,0.370345,3.0,1,0.0,951,0.0,dormant,0
VitaliyOliynyk/cc,Java,1.0,1,0,0.0,0.0,0,0.0,82,0.0,active,0
axenaki/paretoService,Java,0.8,1,0,0.11154,0.0,0,0.0,2764,0.0,active,0
uprm-gaming/virtual-factory-files,Java,0.666667,2,0,0.124342,4.0,0,0.0,1335,0.0,dormant,0
phelset/transmissionrpc-miniupnpc-python,Python,1.0,1,0,0.15493,0.0,0,0.0,84,0.0,dormant,0
acelster/2dfluid-openaccc,C,0.5,1,0,0.375215,0.0,0,0.0,363,0.0,dormant,0
garyf/react-rails-example,Ruby,0.25,0,0,0.526722,0.0,1,0.0,975,0.290476,dormant,2
Winand/mqutim,C++,0.945355,2,0,0.253724,39.5,1,0.0,81040,0.016662,dormant,5
yinglovezhuzhu/PictureManagerDemo,Java,0.761905,1,0,0.085366,3.0,0,0.0,1875,0.0,dormant,0
Nammari/GooglePlusLayout,Java,0.9,1,0,0.345646,0.0,1,0.0,771,0.0,dormant,229
composer/windows-setup,C++,0.125,1,1,0.122561,8.666667,1,0.866667,7020,0.0,dormant,48
hudson3-plugins/role-strategy-plugin,Java,0.615385,1,0,0.428115,0.0,0,0.0,733,0.0,dormant,0
lutrim/home_fin,PHP,0.875,1,0,0.071273,0.56,1,0.0,14925,0.0,active,0
sijad/owncloud-ips-sso,PHP,0.666667,1,0,0.164835,0.0,0,0.0,236,0.0,dormant,2
DrewMartin/TSP-ants,C++,0.8,0,0,0.006849,0.0,0,0.0,1909,0.0,dormant,1
tastaturberuf-contao-modules/bootstrap-templates,PHP,0.0,1,0,0.416667,0.0,0,0.0,22,0.0,active,1
samuelololol/testcurl,C,0.0,1,0,0.125,0.0,0,0.0,17,0.0,dormant,0
jinhr/JinhAndroidApp1,Java,0.25,1,0,0.09,0.0,0,0.0,399,0.0,dormant,0
grammy3/rewards,C++,0.956522,0,0,0.025535,0.0,1,0.0,423374,0.020477,dormant,0
sniper0710/audio_crawler,Python,1.0,1,0,0.143223,0.25,1,0.0,685,0.0,active,0
nething/games,C++,0.0,1,0,0.0,0.0,0,0.0,10,0.0,dormant,0
bbarrios/gitoverview,Python,0.0,1,0,0.0,0.0,0,0.0,3,0.0,dormant,0
piyush1911/redcar,Ruby,0.179104,1,0,0.295115,0.0,1,0.0,990,0.0,active,0
dvayanu/distributeme-jax,Java,1.0,1,0,0.151408,0.0,1,0.0,262,0.0,dormant,0
maxnik/penuel,Ruby,0.204918,1,0,0.194634,0.0,0,0.0,2362,0.156821,dormant,0
ademko/hydra,C++,0.967742,1,0,0.250684,0.341463,1,0.0,8304,0.541497,active,2
emwalpole/thoughtful-banana,Ruby,0.0,1,0,0.334469,8.4,1,0.2,145491,0.0,active,0
landinsicht/liseventsearch,PHP,0.5,1,0,0.304348,0.0,1,0.0,53,0.0,dormant,0
tauntaun42/Lab06,C++,0.875,1,0,0.064838,0.0,0,0.0,1130,0.0,active,0
CSE-NiwotHS/CoolApp01,Python,0.0,1,0,0.265469,0.0,0,0.0,371,0.0,dormant,0
jonlunsford/yify,Ruby,0.851852,1,0,0.058965,0.0,1,0.0,1746,0.433437,active,8
mariusz-saldak/CourseraAlgs_I,Java,0.916667,1,0,0.001335,0.0,0,0.0,751,0.0,dormant,0
sanmen1593/WordsPredictor,Python,0.5,1,0,0.128834,0.0,0,0.0,145,0.0,active,0
levink/cv,C++,0.785256,2,0,0.377351,4.230769,1,0.0,67190,0.236285,active,1
Cruyjun/OfficeWorks,C#,0.372671,1,0,0.106575,0.0,1,0.0,201747,0.0,dormant,0
GalOshri/FastJoke,Python,0.709854,2,0,0.203097,63.0,1,0.0,142599,0.029054,dormant,0
lizhenjiang/blog,Ruby,0.195652,1,0,0.299901,0.0,0,0.0,849,0.31307,dormant,0
matiroll/filtros_web,Ruby,0.5,1,0,0.072882,0.0,0,0.0,16799,0.013459,dormant,0
d-kostov-dev/ASP.NET-MVC-5-Application-Skeleton,C#,0.873016,1,0,0.28923,0.0,1,0.0,23593,0.0,active,0
ronnieoverby/LPDump,C#,0.5,1,0,0.222222,0.0,0,0.0,84,0.0,dormant,1
HeinleinSupport/check_mk,Python,0.028169,1,0,0.244052,6.411765,1,0.235294,3953,0.0,active,35
PhlexPlexico/Lab-9,C++,1.0,1,0,0.386059,0.0,0,0.0,229,0.0,dormant,0
romansvoboda/Test,C,0.0,2,0,0.121711,0.0,0,0.0,267,0.0,active,0
mcvsama/libusbcc,C++,1.0,1,0,0.274905,0.0,1,0.0,578,0.0,active,1
uniplayer/uniplayer,C++,1.0,1,0,0.038462,0.0,0,0.0,198,0.0,active,0
Zulrak/ZombieKing,Python,1.0,1,0,0.068293,0.0,0,0.0,385,0.0,dormant,0
cedeo/wimtvpro-joomla,PHP,0.844037,2,0,0.25988,6.083333,1,0.0,11310,0.0,active,0
noayounse/simpleTween,Java,0.862069,1,0,0.090063,2.5,1,0.0,22944,0.0,dormant,0
fanxu/ffld2,C++,1.0,2,0,0.252794,0.692308,1,0.0,4948,0.0,active,18
rustanacexd/folding-trolley-online,PHP,0.186047,1,0,0.169074,0.0,1,0.0,4116,0.0,active,0
rdwallis/gwt-base64,Java,1.0,1,0,0.322917,0.0,0,0.0,146,0.0,dormant,2
beardeer/spss_formula_runner,Python,0.5,1,0,0.131313,0.0,0,0.0,104,0.0,active,0
flagbug/FlagFtp,C#,0.75,1,0,0.488085,1.75,0,0.194444,645,0.0,dormant,23
ykitac/KinesisSampleApp,C#,0.888889,1,0,0.213622,0.0,0,0.0,749,0.0,active,0
koheiyamada/sample_app,Ruby,0.310345,1,0,0.453355,0.0,0,0.0,373,0.232704,dormant,0
heuripedes/rapy,C,0.0,1,0,0.533189,0.0,0,0.0,1076,0.0,active,0
mastooo/java-superfeedr,Java,1.0,0,0,0.118872,0.0,1,0.0,18064,0.063211,dormant,8
stefanolande/progettoamm,PHP,0.880952,2,0,0.220795,13.666667,0,0.0,3279,0.0,dormant,0
cdent/tiddlywebplugins.binarystore,Python,0.25,1,0,0.074561,0.0,0,0.0,227,0.541237,dormant,0
brendanshean/working_with_tcp_sockets,Ruby,0.060606,1,0,0.063444,0.0,0,0.0,313,0.0,dormant,0
kesslern/sdl-demos,C,1.0,1,0,0.059561,0.0,1,0.0,613,0.0,active,0
mebusw/Scanner,C++,0.384615,1,0,0.450942,0.0,0,0.0,2244,0.2735,dormant,0
jetonmemeti/NfcBluetoothFinal,Java,1.0,1,0,0.134986,0.0,0,0.0,944,0.0,dormant,0
sandeesaripalli/test_app,Ruby,0.08,1,0,0.457895,0.0,0,0.0,321,0.056604,active,0
messo/jqwicket,Java,0.996622,0,0,0.427187,0.0,1,0.0,37651,0.001995,dormant,2
sheolseol/carritoDjango,Python,0.5,1,0,0.063223,0.0,1,0.0,8400,0.011142,dormant,2
m1keil/alfred-vagrant-workflow,Python,0.923077,1,1,0.311504,11.571429,1,1.571429,3944,0.052102,active,21
petere/autopex,C,0.0,0,0,0.0,0.0,0,0.0,69,0.0,dormant,8
tjrein/Idioma,Ruby,0.265823,1,0,0.390014,0.0,0,0.0,1207,0.126344,dormant,0
williamherry/habit,Ruby,0.18,1,0,0.371795,0.0,0,0.0,797,0.035047,active,0
EvanKuhn/nu_unit,C,1.0,1,0,0.269231,2.222222,0,0.0,320,0.0,dormant,10
uynil/odoo_stock_extra,Python,0.214286,0,0,0.244804,0.0,1,0.0,4433,0.0,dormant,1
karloor/kbot,Python,0.6,3,0,0.144265,13.296296,1,0.0,1001,0.0,dormant,0
zhaoqf123/PhD-research-codes,C,0.0,1,0,0.206704,4.0,0,0.0,145,0.0,active,0
ericalli/google-typography,PHP,0.0,1,0,0.147145,1.375,0,0.375,1188,0.0,dormant,9
fuzzybee/secure_sms,Java,0.8,2,0,0.311061,0.0,0,0.0,1526,0.0,dormant,0
klo99/lvdbg,C,0.977778,2,0,0.192827,0.0,1,0.0,17510,0.509719,dormant,1
sodevious/confvideos,Python,0.076923,1,0,0.306452,0.0,0,0.0,87,0.011628,active,1
mjohh/mspring,C,0.95,1,0,0.074187,0.0,0,0.0,3112,0.65353,dormant,0
ai-ku/childes-pos,C,0.739837,2,0,0.000135,6.625,1,0.0,19855519,0.0,dormant,0
dzyubam/feedeat,Ruby,0.483871,1,0,0.393072,1.222222,0,0.0,496,0.0,active,0
google-code/barracuda-game-bot,Python,0.916667,1,0,0.115418,0.0,0,0.0,3067,0.0,active,0
cisoun/Thereminoid,Java,0.928571,1,0,0.184644,14.0,0,0.0,900,0.0,active,0
sarahtattersall/PIPEMarkovChain,Java,1.0,1,1,0.315545,49.0,1,0.0,1213,0.455061,dormant,0
carlocontino/wordpress,PHP,0.946281,1,0,0.256656,0.0,1,0.0,222290,0.0,dormant,0
kayoshi/acm-kbtu,Ruby,0.5,1,0,0.115575,0.0,1,0.0,7970,0.65033,dormant,0
K-Yosuke/TweetProgram,Java,0.333333,1,0,0.175532,0.0,0,0.0,155,1.0,active,0
lrh198681/pattern,Java,0.228571,1,0,0.035714,0.0,0,0.0,405,0.0,active,0
dennishafemann/lib-directory-autoloader,PHP,0.944444,1,0,0.347518,1.777778,1,0.0,410,0.0,dormant,0
pinard/Cabot,Python,0.909091,1,0,0.235981,1.666667,0,0.0,2625,0.0,dormant,1
seuqaj114/DetecTable,Python,0.434783,1,0,0.225266,0.0,0,0.0,8828,0.000581,active,0
albertorm6/basic,PHP,0.324324,3,0,0.12408,0.0,0,0.0,16191,0.057508,active,0
burakeserol/Grammar-Quiz,Java,0.970588,1,0,0.056716,0.0,0,0.0,3167,0.0,dormant,0
jdecode/domax,PHP,0.915108,1,0,0.300745,0.0,1,0.0,179476,0.007149,active,0
tsmarsh/ReSTHandler,Python,0.8,0,0,0.009346,0.0,0,0.0,106,0.0,dormant,1
mahmoudadel2/check_datatraffic,Python,0.0,1,0,0.0,0.0,0,0.0,66,0.0,dormant,1
neilquinn91/I-Love-Limerick,Java,0.0,1,0,0.0,0.0,0,0.0,3,0.0,dormant,0
propcom/fe-cp-calendar,PHP,0.0,1,0,0.040323,0.0,0,0.0,119,0.0,dormant,0
alexgeogea/recipe_box,Ruby,0.203704,1,0,0.396472,0.0,0,0.0,938,0.087591,active,0
hautelook/SolariumFixtures,PHP,0.916667,1,0,0.261538,0.0,0,0.0,339,0.503226,dormant,0
DamianReeves/TweetRex,C#,0.25,1,0,0.000664,0.75,0,0.0,165516,0.0,dormant,0
harveyt/cppncss,Java,0.989474,1,0,0.377503,1.444444,1,0.0,7803,0.344473,dormant,1
mattsidesinger/words-with-core,Java,1.0,1,0,0.247793,0.0,0,0.0,6319,0.341648,dormant,1
pAIgn10/LiFuelGauge,C++,1.0,1,0,0.305851,0.0,1,0.0,290,0.0,dormant,3
ZacharyRAustin/EECS340,C++,0.933333,0,0,0.02859,0.0,0,0.0,110731,0.050209,dormant,0
makecolors/distcluster,Java,1.0,1,0,0.204348,0.0,0,0.0,183,0.0,dormant,0
Raddude/SSXtraCredit,Python,0.0,1,0,0.090909,0.0,0,0.0,23,0.0,active,0
felixroeser/binarysolo,Ruby,0.933333,1,0,0.015676,13.5,1,0.0,1846,0.242044,dormant,0
Heckfer/bank-system,Java,0.8625,2,0,0.132447,0.0,0,0.0,3917,0.169517,dormant,0
JEduardogmr/laravel-firebase,PHP,0.75,1,1,0.217877,0.0,1,0.0,466,0.341935,active,1
Mithenks/mvlv,C,0.818182,2,0,0.199905,0.0,0,0.0,1685,0.0,dormant,0
xconstruct/dotfiles,Ruby,0.0,1,0,0.089631,1.289474,0,0.0,674,0.0,active,0
tchebb/stripesolver,C,0.0,1,0,0.329177,0.0,1,0.0,280,0.0,dormant,1
TYPO3-svn-archive/register4cal,PHP,0.833333,1,0,0.337232,0.0,1,0.0,5554,0.0,dormant,0
elzzup/app.elzup.com,PHP,0.526316,1,0,0.176246,7.333333,0,0.0,3107,0.0,active,0
matthewfitz/PaymentGatewayBundle,PHP,0.833333,0,0,0.023068,0.0,0,0.0,879,0.0,dormant,20
toin0u/Geotools-laravel,PHP,0.666667,1,1,0.386719,2.809524,1,0.333333,372,0.617647,active,143
DerekYangYC/TinyQuotation,Python,0.363636,1,0,0.042995,9.0,1,0.0,8949,0.007407,dormant,0
eclipse/photran,Java,0.957746,2,0,0.164299,0.0,1,0.0,172491,0.035411,active,2
epinhao/Tesis,Java,1.0,3,0,0.041069,4.416667,0,0.0,8601,0.0,dormant,0
yodaaut/asict,C,0.266667,1,0,0.298153,0.0,0,0.0,532,0.0,dormant,0
LordJZ/Kamilla,C#,0.722222,1,0,0.257066,3.135135,1,0.0,13597,0.0,active,14
silverstripe-australia/silverstripe-versionedfiles,PHP,0.9,5,1,0.169659,1.644068,0,0.305085,959,0.264984,active,23
nikwolfe7/hw3-nwolfe,Java,1.0,1,0,0.20733,45.0,1,0.0,1514,0.0,active,0
palya/validates_as_mobile,Ruby,0.333333,1,0,0.045455,0.0,1,0.0,58,0.0,dormant,1
ammatsun/cloudblast,Java,0.5,1,0,0.258958,0.0,1,0.0,458,0.0,active,0
mkavehei/FBLogin,PHP,0.0,1,0,0.139655,0.0,0,0.0,499,0.0,dormant,0
waseemh/lxc-java,Java,1.0,1,0,0.295793,3.0,1,0.2,1149,0.202483,active,6
vzalberto/llc_analysis,C,0.0,1,0,0.036036,0.0,0,0.0,109,0.0,dormant,0
kamilk161/bot,Python,0.666667,1,0,0.054945,0.0,0,0.0,88,0.0,dormant,0
fanzyflani/libfastblit,C,0.75,1,0,0.147806,0.0,1,0.0,369,0.02381,dormant,0
stolinski/Level-Up-Tuts---Sass-Tutorials,Ruby,0.5,2,0,0.133882,2.75,0,0.25,1170,0.0,dormant,13
kdelchev/rails_girls,Ruby,0.301887,1,0,0.383295,0.0,1,0.0,719,0.311047,dormant,0
overdetermined/SodokuSolver,Python,0.0,1,0,0.080119,0.0,0,0.0,310,0.0,dormant,0
ukweathervisualisations/JavaWebWithoutXml,Java,0.307692,1,0,0.072635,2.0,0,0.0,552,0.070423,dormant,0
Stereogram/codeeval,C#,0.045455,1,0,0.482759,2.428571,0,0.0,750,0.0,active,0
w3villa/spree-demo,Ruby,0.324895,1,0,0.141649,0.0,0,0.0,3563,0.001786,active,0
chefhippie/sshkey,Ruby,0.166667,1,0,0.380952,1.0,1,0.0,123,0.0,active,0
ShiloOlga/JCompare,C#,0.571429,1,0,0.011932,0.0,0,0.0,8775,0.0,dormant,0
mfdeakin/csc315A1P3,C,0.0,1,0,0.082596,0.0,0,0.0,311,0.0,dormant,0
jrafferty3/SketchupImporter,C#,0.0,1,0,0.09375,0.0,0,0.0,87,0.0,dormant,2
alu0100700435/DSI-6DJANGO,Python,0.076923,1,0,0.201183,0.0,0,0.0,136,0.384615,active,0
Alorty/PageStory,Java,0.909091,1,0,0.073753,0.0,0,0.0,427,0.0,dormant,0
TopDeckGames/HackMyDeck_Server_Gestion,C#,0.72,2,0,0.125089,7.0,0,0.0,1208,0.0,active,0
cutefish/PyUtils,Python,0.766667,1,0,0.092348,4.5625,0,0.0,2808,0.0,dormant,1
matheusmahl/Calculadora,Java,0.333333,1,0,0.213687,6.666667,0,0.0,3562,0.0,active,0
mparodi/WanderlandStation,Ruby,0.0,1,0,0.102041,0.0,0,0.0,56,0.0,dormant,0
merbanan/rtl_433,C,0.95,7,0,0.219827,12.194444,1,3.083333,3393,0.0,active,275
fierlion/fierInterPython,Python,0.25,1,0,0.155844,0.0,0,0.0,199,0.0,dormant,0
zacbrannelly/TestRepo,C++,0.0,1,0,0.0,0.0,0,0.0,10,0.0,dormant,0
jhu-saw/sawIntuitiveDaVinci,C++,0.857143,2,0,0.172519,0.9,0,0.0,1626,0.0,active,0
ehough/epilog,PHP,0.986014,11,1,0.334511,8.35,1,0.025,8097,0.186939,dormant,3
griver/ARGame,C,0.166667,0,0,0.19143,0.0,1,0.0,4416,0.0,dormant,0
MakoWare/TheDemoProject,Java,0.902778,1,0,0.034566,0.0,1,0.0,20719,0.0,active,0
rayantecnologia/combustivel,PHP,0.5,1,0,0.053394,0.0,1,0.0,8953,0.0,active,0
grapesfrog/demo,Ruby,0.666667,1,0,0.105263,0.0,0,0.0,36,0.558824,dormant,0
mikefourie/MousePedometer,C#,0.571429,1,0,0.499588,0.0,1,0.0,611,0.0,dormant,0
schecterwolfe/CS4413,PHP,0.8125,1,0,0.032287,0.0,0,0.0,1079,0.272045,dormant,0
crozet-magenta/Covoiturage,PHP,0.592593,2,0,0.215154,18.0,1,0.0,4031,0.0,active,0
Qingbao/ProjectEuler,Java,0.333333,1,0,0.432099,0.0,0,0.0,49,0.0,dormant,0
SAPikachu/aegisub_2.1.9,C++,0.896243,2,0,0.201478,5.333333,1,0.0,170308,0.046135,dormant,2
narfdotpl/bullet,Python,1.0,1,0,0.758242,0.0,0,0.0,109,1.0,dormant,2
javaFRC1279/Java,Java,1.0,1,0,0.149573,0.0,0,0.0,199,0.0,active,0
EPAPavely/dwesti,PHP,0.052632,1,0,0.345426,0.0,1,0.0,279441,0.000131,dormant,1
tomxuetoy/Python_timer,Python,1.0,1,0,0.037037,0.0,0,0.0,29,0.0,dormant,0
modnation/codingground,C,0.5,1,0,0.0,0.0,0,0.0,8,0.0,active,0
sadanandu/PyXML-Comparisons,Python,1.0,1,0,0.028571,0.0,0,0.0,442,0.0,dormant,0
JasonS/ADOMore.MonoTouch,C#,1.0,1,0,0.227778,0.0,0,0.0,281,0.0,dormant,0
MattRK/Crunchyroll.bundle,Python,0.0,1,0,0.085253,14.4,0,3.2,483,0.0,dormant,24
garrettqmartin8/playlist,Ruby,0.181818,1,0,0.444828,0.0,0,0.0,522,0.136691,active,0
wang-bin/qcputest,C++,0.5,2,0,0.327563,0.0,1,0.0,506,0.0,dormant,0
benjaminlong/SimpleAclSymfonyProject,PHP,0.755556,2,0,0.192664,0.0,1,0.0,2321,0.0,active,0
c0rrupt3d/RPiCar,Python,1.0,2,0,0.089222,6.166667,0,0.0,1284,0.0,active,0
lindseydiloreto/craft-businesslogic,PHP,0.25,1,0,0.645349,0.0,0,0.0,88,0.0,dormant,68
heyMP/orphan_formatter,PHP,0.0,1,0,0.0,0.0,0,0.0,9,0.0,dormant,0
git-hemant/fundamentals,Java,0.702703,1,0,0.206401,0.0,0,0.0,2653,0.0,dormant,0
pakison/sample_app,Ruby,0.425926,1,0,0.456446,0.0,0,0.0,558,0.116438,dormant,0
TobiOnline/ExpPlus,Java,1.0,0,0,0.012363,0.0,0,0.0,1559,0.0,dormant,0
prailstest/sample_app,Ruby,0.327273,1,0,0.239079,0.0,0,0.0,2100,0.498575,dormant,1
jyee/OpenOpenTable,PHP,0.25,1,1,0.696531,0.0,1,0.0,3303,0.0,dormant,0
jmz3/DigitRecognizer,C++,1.0,1,0,0.036511,0.0,0,0.0,2862,0.0,dormant,0
ChouAndy/yii-system,PHP,0.487263,1,0,0.088467,11.0,1,0.0,571778,0.000524,dormant,0
jedelman8/nexus_ansible,Python,1.0,1,0,0.060606,4.5,0,0.0,781,0.0,active,6
saraedum/ticket_branch,Python,0.333333,1,0,0.267123,0.0,0,0.0,107,0.0,dormant,0
joek546/tu_opt,C++,0.692308,3,0,0.015196,7.666667,1,0.0,183843,0.0,active,0
Psep/gAbstract,Java,1.0,1,0,0.299342,0.0,1,0.0,216,0.0,dormant,0
mileswu/geo361-termpaper,Ruby,0.0,1,0,0.105263,0.0,0,0.0,303,0.0,dormant,1
kostya521/HomeAccount,Java,0.769231,2,0,0.172177,2.5,0,0.0,7238,0.436364,dormant,0
HarrieO/GDA,Java,0.981424,2,0,0.264986,0.0,1,0.0,101476,0.032175,dormant,0
AdmiralCurtiss/Miscellaneous,Python,0.666667,1,0,0.04401,0.923077,0,0.0,783,0.0,active,1
bateam/be-active-android,Java,0.985714,1,0,0.079864,10.5,1,3.5,6314,0.0,dormant,0
dbelcham/dervish,C#,0.866667,1,0,0.054466,6.333333,1,1.333333,861,0.479508,dormant,1
sergray/BrowseGit,Python,0.666667,0,0,0.157407,0.0,1,0.0,91,0.0,dormant,0
paolomorettin/Steg,Python,0.0,1,0,0.307143,0.0,0,0.0,99,0.0,dormant,0
ShowingCloud/Pollux,Ruby,0.297872,1,0,0.228818,6.857143,1,0.0,1804,0.145078,dormant,0
timonv/bacon-latin,Ruby,0.5,1,0,0.0,0.0,1,0.0,70,0.145833,dormant,0
ahupp/etframes,Python,1.0,0,0,0.338843,0.0,0,0.0,80,0.0,dormant,26
izelaciman/wordpress,PHP,0.966942,1,0,0.282174,0.0,1,0.0,235692,0.0,active,0
Agent47DarkSoul/code-breaker,Ruby,0.666667,1,0,0.029661,1.0,0,0.0,232,0.572052,active,0
johnrizzo1/reinteract,Python,0.95,0,0,0.194995,0.0,1,0.0,11442,0.0,dormant,4
nickheppleston/ServiceFabricHost,C#,0.7,1,0,0.010874,0.0,0,0.0,15755,0.179245,active,1
evanjohnman/LauncherCodeSave,Java,0.982759,1,0,0.16565,2.25,1,0.0,9984,0.0,active,0
gayakwad/ZipWordCount,Java,1.0,1,0,0.277259,0.0,1,0.0,238,0.0,dormant,0
xesj/Home,Java,0.96,1,0,0.193381,0.285714,0,0.0,7004,0.0,active,0
ericbullen/mp3_check,C,0.916667,2,0,0.214411,0.046512,1,0.0,4481,0.0,active,1
hunter89/cmptool,Python,0.0,1,0,0.105991,0.0,0,0.0,197,0.0,dormant,0
Thomas-Adams/spring-base,Java,0.333333,1,0,0.078244,0.0,0,0.0,486,0.0,active,1
Prash88/yiitest,PHP,0.502821,1,0,0.093193,3.0,1,0.0,604964,9.6e-05,dormant,0
Mohammad-Alshamlan/userspace_linux_programming,C,0.92623,1,0,0.111207,15.2,1,0.0,81069,0.010448,active,0
creativepsyco/fb-sample-auth,Java,0.927083,1,0,0.354784,0.0,1,0.0,17115,0.0,active,0
fg5823820/HGEGameDemo2,C++,0.272727,0,0,0.10349,0.0,0,0.0,2235,0.0,dormant,0
sergevs/ZenPacks.ssv.InstalledSoftwareReport,Python,0.090909,1,0,0.387755,0.0,1,0.0,90,0.0,dormant,0
agsdot/jquery-todo-list-ror-backend,Ruby,0.264706,1,0,0.30719,0.0,0,0.0,793,0.26009,dormant,0
tuzz/ruby-roadshow,Ruby,0.666667,1,0,0.009091,0.0,0,0.0,187,0.715596,dormant,2
adammflax/hackathon2013,PHP,1.0,0,0,0.050108,0.0,1,0.0,8322,0.0,dormant,0
equella/moodle-block-tasks,PHP,0.25,1,0,0.395833,0.25,1,0.125,96,0.0,dormant,3
chrismar035/montessori,Ruby,0.28125,0,0,0.55157,0.0,0,0.0,401,0.130208,dormant,1
anselmoshim/FAPebble,C,0.0,1,0,0.170732,0.0,0,0.0,139,0.0,active,0
ratschlab/mmr,C++,1.0,2,0,0.187882,2.454545,1,0.030303,2822,0.570137,active,9
jeremykendall/bookshelf,PHP,0.666667,1,0,0.156,0.444444,0,0.0,238,0.0,dormant,2
MunkiPhD/usda_db_generator,Ruby,1.0,1,0,0.183333,0.0,0,0.0,248,0.269388,dormant,1
ClubbingSealCub/kata3,Java,1.0,1,0,0.116175,0.0,0,0.0,1377,0.0,active,0
baird/WP,PHP,0.333333,1,0,0.365854,9.0,0,0.0,30,0.0,dormant,0
LiSheep/udpchat,C,1.0,1,0,0.04584,36.0,1,0.0,1141,0.0,dormant,0
uleone/sample_app,Ruby,0.318182,2,0,0.376623,0.0,0,0.0,712,0.495751,dormant,0
maarons/LinkMarks,Python,0.5,1,0,0.015854,3.071429,1,0.0,824,0.0,active,1
yultao/ieltspass,Java,0.949153,3,0,0.138105,0.0,1,0.0,9565,0.0,dormant,0
EvaFar/polo,Java,0.5,2,0,0.242105,0.0,0,0.0,72,0.588235,dormant,0
Pleio/od_rivierenland_modifications,PHP,0.333333,1,0,0.011494,0.0,1,0.0,520,0.0,dormant,0
elmerwu/learn-rails,Ruby,0.292683,1,0,0.427802,0.0,0,0.0,639,0.022556,dormant,0
flindt/c_shared_eal,C,0.25,2,0,0.285714,3.444444,0,0.333333,350,0.0,dormant,17
PhilBrady/sample_app,Ruby,0.321429,1,0,0.242056,0.0,0,0.0,857,0.258993,dormant,0
Deepfreeze32/Genetic-Algorithms,Java,0.923077,1,0,0.105744,0.0,1,0.0,2361,0.0,dormant,1
robionica/les,Python,0.834862,1,0,0.046179,12.0,1,3.5,38732,0.115286,dormant,3
yorath/adblock-cpp,C++,0.7,1,0,0.266946,0.0,0,0.0,1052,0.035272,dormant,2
whoeverest/NSND-Upvoting,Python,0.0,1,0,0.015504,0.0,0,0.0,127,0.0,dormant,2
mmajde/BankScraper,Java,1.0,1,0,0.02911,0.0,0,0.0,567,0.0,active,0
rixbeck/bolt-extension-skeleton,PHP,1.0,1,0,0.343434,0.0,1,0.0,70,0.0,active,0
Martwu/whereyousit,Python,0.0,1,0,0.116592,1.333333,1,0.0,205,0.0,dormant,0
yoonghan/staticsearch,Java,1.0,2,0,0.205063,0.0,0,0.0,953,0.386441,dormant,0
dak1234/first_app,Ruby,0.086957,1,0,0.491228,0.0,0,0.0,277,0.084507,dormant,0
tagboola/tag_game,Ruby,0.44898,0,0,0.346959,0.0,0,0.0,2404,0.607263,dormant,0
yanshanjing/test,C,0.0,1,0,0.0,0.0,1,0.0,9,0.0,dormant,0
galette/plugin-paypal,PHP,0.5,1,0,0.436458,2.0,1,0.0,981,0.0,dormant,1
tariq878/Arbaeen,Java,0.692308,1,0,0.524953,0.0,1,0.0,6197,0.0,dormant,0
OrenBochman/edumetrics,PHP,0.5,1,0,0.150583,0.0,0,0.0,804,0.0,dormant,0
disaster37/tomcat_docker,Python,0.666667,1,0,0.125728,0.0,1,0.0,4510,0.087156,active,0
maskrz/SWD,Java,0.842105,1,0,0.159476,0.0,0,0.0,2212,0.308656,dormant,0
jeevan-patil/codejam,Java,1.0,1,0,0.1,0.0,0,0.0,137,0.0,active,0
NessComputing/components-ness-galaxy,Ruby,0.428571,2,0,0.356814,1.142857,1,0.357143,990,0.0,dormant,3
BaderJulien/ProjetCarnet,Ruby,0.437037,1,0,0.201892,0.0,0,0.0,2750,0.543785,dormant,0
megadriver/Murzyn,C++,0.666667,2,0,0.0,0.0,0,0.0,23,0.0,dormant,0
sladeware/friesian,Java,1.0,2,0,0.273063,1.4375,1,0.0625,985,0.0,dormant,0
yeleman/douentza,Python,0.606061,3,0,0.010305,14.111111,1,0.0,250324,0.0,active,1
sgosiaco/frc5107,Java,0.945946,6,0,0.161263,2.9,1,0.0,15575,0.0,active,0
shorelinedev/aosp_frameworks_av,C++,0.851675,2,0,0.294759,0.0,1,0.0,432472,0.028165,active,0
lycai/musicam,Java,0.75,0,0,0.052632,0.0,0,0.0,1584,0.0,dormant,0
Sotera/zephyr-sample-project,Java,0.727273,3,0,0.046798,0.923077,1,0.153846,933,0.081081,active,1
vzalberto/twitter-stalker,Python,0.0,3,0,0.25,4.0,0,0.0,9,0.0,dormant,0
RobRobles/Encryption,Java,0.0,1,0,0.147368,0.0,0,0.0,84,0.0,active,0
kelvinn/alerted-us-android,Java,0.882353,1,0,0.081766,0.0,1,0.0,2650,0.0,active,0
virtuolink/test,PHP,0.20625,1,0,0.410723,0.0,1,0.0,128110,0.000168,dormant,0
Cskelton77/openDrum,Java,0.4,0,0,0.166864,0.0,0,0.0,1408,0.0,dormant,0
zopefoundation/z3c.pt,Python,0.692308,1,1,0.30152,0.285714,1,0.0,842,0.292876,active,0
davidenglishmusic/sample_app,Ruby,0.310345,1,0,0.456081,0.0,0,0.0,362,0.22449,dormant,0
cgunning/AVALG-TSP2,Java,1.0,1,0,0.125964,0.0,0,0.0,340,0.0,dormant,0
fahadmahmood8/Localize_model,PHP,0.0,1,0,0.0,0.0,1,0.0,50,0.0,dormant,0
sengopal/sengopal.github.com,Ruby,0.0,1,0,0.043092,3.971429,0,0.0,11803,0.0,active,0
luckypool/vagrant-ubuntu-saucy-64,Ruby,0.333333,1,0,0.075,0.0,0,0.0,198,0.0,dormant,0
fragilbert/Launchpage,PHP,0.989101,1,0,0.491356,20.0,0,0.0,29995,0.0,dormant,0
danielbednarczyk/BookStoreServicesPOX,Java,1.0,1,0,0.028986,0.0,0,0.0,804,0.0,active,0
apache/redback-components,Java,0.993243,1,0,0.2893,6.666667,1,0.041667,14807,0.197704,active,1
luangarcia/cake_component_braspress,PHP,0.0,0,0,0.679012,0.0,0,0.0,26,0.0,dormant,1
zifengyu/PerfLogViewer,Java,1.0,1,0,0.018092,0.0,0,0.0,1205,0.0,dormant,0
orangutanboy/FileVersionReporter,C#,0.5,1,0,0.15142,0.0,0,0.0,269,0.256944,dormant,0
shsprog/quarks,Java,1.0,2,0,0.131295,0.0,0,0.0,1452,0.026225,dormant,0
ankyhe/tcpl4,C++,1.0,1,0,0.0,0.0,1,0.0,67,0.0,dormant,0
policeestebi/PCSLA,C#,0.682051,2,0,0.248621,5.666667,1,0.0,53653,0.0,dormant,1
posixninja/genpass,C,0.0,0,0,0.014563,0.0,1,0.0,203,0.0,dormant,36
Murzilaka/Project,Java,0.866667,1,0,0.145286,0.0,0,0.0,1109,0.0,dormant,0
federatedmedia/zookeeper-rw,Java,1.0,2,0,0.260748,0.0,1,0.0,2376,0.549089,dormant,11
zuojie/RecommendationsSys,Python,0.2,2,0,0.103037,0.0,0,0.0,844,0.0,dormant,1
tianxind/cs231a,C++,1.0,2,0,0.160434,0.0,0,0.0,3146,0.0,dormant,0
mpampols/semicinternet.theme.cambrils,Python,0.384615,0,0,0.112652,0.0,1,0.0,2560,0.053659,dormant,3
Charlesjean/PersonalFinance,Java,0.725,1,0,0.073181,6.5,1,0.0,6520,0.0,dormant,0
greekdev/mrand,PHP,0.666667,1,0,0.44588,4.0,1,0.0,690,0.0,active,1
JasonBoyles/rax-ruby-app,Ruby,0.105263,2,0,0.103261,0.0,1,0.0,431,0.045752,dormant,0
papriwalprateek/mysite,Ruby,0.333333,1,0,0.544231,0.0,0,0.0,346,0.207207,dormant,0
mownon/manila,Python,0.0,1,0,0.105263,0.0,0,0.0,68,0.0,dormant,0
hmcclungiii/BrowserWrapper,C#,0.0,1,0,0.398773,0.0,0,0.0,101,0.0,dormant,1
eicca/refactoring-exercises,Ruby,0.666667,1,0,0.034188,0.0,0,0.0,113,0.225225,active,0
RavenSim/raven-edit,Java,1.0,1,0,0.107582,0.0,1,0.0,2111,0.0,dormant,0
illallangi-ps/GeoNames,C#,0.615385,1,0,0.065483,0.0,0,0.0,706,0.117021,dormant,0
onigoetz/profiler,PHP,0.861111,1,1,0.231849,3.214286,0,0.857143,2312,0.112238,dormant,34
uluhonolulu/Chpokk,C#,0.950893,1,0,0.060103,22.818182,1,0.0,289883,0.005438,dormant,3
OpenChemistry/protocall,C++,0.304762,2,0,0.271509,2.454545,1,0.0,9495,0.0,dormant,2
LieGroup/LIB_lcthw,C,0.818182,1,0,0.110837,0.0,0,0.0,722,0.442105,dormant,0
benibela/webcam-ucp,C++,0.875,1,0,0.176794,0.0,0,0.0,2249,0.538704,dormant,0
tenreads/utilities,Python,1.0,1,0,0.205405,0.0,1,0.0,150,0.0,active,0
fkrauthan/IrcBot,C++,0.964706,2,0,0.173239,0.380952,1,0.142857,15014,0.069584,dormant,3
Joshf2k/SDL-Pong,C,0.5,1,0,0.076923,0.0,0,0.0,372,0.0,dormant,1
eliakoh/speedcode-box,PHP,0.888889,1,0,0.184449,0.0,1,0.0,10062,0.0,dormant,0
L00tefisk/Vigilante,C#,0.785714,1,0,0.010839,6.666667,0,0.0,2099,0.0,active,0
seoinsure/tribrophobia,Ruby,0.137255,1,0,0.446856,0.0,0,0.0,1005,0.022556,active,0
shauntyndall/escapia,PHP,0.5,0,0,0.780975,0.0,0,0.0,822,1.0,dormant,3
tjcertified/pythonlearning,Python,0.0,1,0,0.0,0.0,1,0.0,8,0.0,dormant,0
google-code/aipsvn-project,Java,0.666667,1,0,0.166958,0.0,0,0.0,956,0.0,active,0
Jd007/ebs-consistent-snapshot,Python,0.0,1,0,0.09596,0.538462,0,0.0,197,0.0,dormant,4
ankitchoudhary/Search-Engine,Java,1.0,1,0,0.157225,0.0,0,0.0,1324,0.0,active,0
theill/transmit,C#,0.742574,1,0,0.26303,0.0,1,0.0,18608,0.022607,active,0
arekkas/carbac,PHP,0.8,1,1,0.51776,0.0,1,0.0,363,0.274194,dormant,0
tmn/TPG4162,C++,1.0,2,0,0.111111,0.0,0,0.0,176,0.0,dormant,0
C0deH4cker/Ballz,C++,1.0,1,0,0.144172,0.0,0,0.0,287,0.0,dormant,4
faraji-mahsa/calcoo,Java,0.0,1,0,0.074468,0.0,0,0.0,522,0.0,dormant,0
al1155360/first,C++,0.0,0,0,0.538462,0.0,0,0.0,6,0.0,dormant,0
jlopezCutonala/p4_getPost,PHP,0.4,1,0,0.0,0.0,1,0.0,178,0.0,active,0
ryanboye/local_slideshow,PHP,0.0,1,0,0.02459,0.0,1,0.0,241,0.0,dormant,0
lukius/mts,Python,0.877863,1,0,0.064716,11.714286,1,0.0,4836,0.0,active,1
jleo/weibo-grepper,Java,0.75,0,0,0.085232,0.0,0,0.0,1466,0.0,dormant,1
headinthebox/RxPaint,Java,0.0,2,0,0.012821,0.0,1,0.0,100,0.0,dormant,2
christmmurphy/drupal_7.28,PHP,0.028777,1,0,0.399184,0.0,1,0.0,99491,0.0,dormant,0
francoisdbr/GSBAppli,PHP,0.5,1,0,0.064924,0.0,0,0.0,12343,0.0,dormant,0
markid/excel_cook,Python,0.0,1,0,0.179487,0.0,0,0.0,65,0.0,dormant,0
CarefreeCoding/Gradle-Hibernate-example,Java,1.0,1,0,0.007353,0.0,0,0.0,160,0.0,active,0
HuayraLinux/cdpedia-launcher,Python,0.0,1,0,0.159817,0.375,1,0.0,240,0.0,dormant,0
dnet-ebs/nan21.dnet.module.bd,Java,1.0,1,0,0.173615,0.0,1,0.0,16753,0.0,dormant,0
fortebass/MagicCubeGame,C#,0.444444,1,0,0.15467,0.0,0,0.0,1425,0.0,active,0
gxbsst/wordpress_template,PHP,0.888498,2,0,0.207587,0.5,1,0.0,154177,0.084345,dormant,0
Chunpai/LASSO,Python,1.0,1,0,0.273936,0.0,0,0.0,273,0.0,active,3
livelink/ampk,Ruby,0.857143,1,0,0.004515,0.0,0,0.0,481,0.070295,dormant,1
elcresan/PythonTasks,Python,1.0,1,0,0.07,0.0,0,0.0,283,0.0,dormant,0
nikagl/GetEnvoyData,Python,0.0,1,0,0.107143,0.0,0,0.0,64,0.0,dormant,3
statsmaths/hstream,Java,0.923077,2,0,0.236034,0.0,1,0.0,1105,0.0,active,0
submain/reqlang,Java,0.929825,1,0,0.314598,0.0,1,0.0,8393,0.0,dormant,0
luismanuelnavarro/AutoText,Java,0.6,1,0,0.152603,0.0,0,0.0,1419,0.0,active,0
lambtron/chipotle-app,Ruby,0.5,2,0,0.253521,0.0,0,0.0,61,0.0,dormant,0
DirtGambit/MrBlabberCassandra,Java,0.888889,1,0,0.181572,0.0,0,0.0,604,0.0,dormant,0
n0rad/logback-prettier,Java,0.25,1,0,0.359551,0.0,1,0.0,151,0.0,dormant,3
yourcelf/django-selenium-boilerplate,Python,1.0,1,0,0.102273,0.0,1,0.0,79,0.0,active,0
ppalaga/eircc,Java,0.968992,1,0,0.251004,9.0,1,0.5,14541,0.000568,active,0
thomasson/blog,Ruby,0.173077,1,0,0.297537,0.0,0,0.0,874,0.253968,dormant,0
Vazkii/ElementalTinkerer,Java,0.981752,1,0,0.232394,17.0,0,8.0,15961,0.0,dormant,3
peterostman/event_app,Ruby,0.607143,1,0,0.258129,0.0,0,0.0,1714,0.425591,dormant,0
djcurtis/sample_app,Ruby,0.3,1,0,0.45098,0.0,0,0.0,382,0.273292,dormant,0
RayParkerBassPlayer/binary_tree,Ruby,1.0,1,0,0.041494,0.0,0,0.0,231,0.441558,dormant,0
h58wu/network,Java,1.0,1,0,0.052215,0.0,0,0.0,599,0.0,dormant,0
OSAC/hackme_challenge,C,0.5,1,0,0.225352,0.666667,1,0.0,92,0.0,active,0
italonerd/DistributedProgramming,Java,0.7,1,0,0.030501,9.0,0,0.0,445,0.0,active,0
cr5315/shoutcast-android,Java,1.0,1,0,0.163636,0.0,0,0.0,233,0.0,dormant,22
DeforaOS/Locker,C,0.192308,1,0,0.132856,3.4,1,0.0,6292,0.0,active,0
Jouwee/projeto_pdi,Java,0.981818,2,0,0.176025,17.0,0,0.0,3932,0.132364,active,0
cworkman123/cis490PairedProg,Java,0.473684,1,0,0.071034,0.0,0,0.0,1257,0.060041,dormant,0
vathpela/pesign,C,0.794521,1,0,0.114501,14.142857,1,0.371429,12103,0.189605,active,0
gogotanaka/Haskell,Ruby,0.333333,1,1,0.019355,6.333333,1,0.0,154,0.62069,active,1
jasonventresca/notes,Python,0.0,1,0,0.166667,1.571429,0,0.0,10,0.0,dormant,0
itamarut/zavrsni,PHP,0.54786,1,0,0.101877,0.0,1,0.0,618912,9e-05,dormant,0
gmodena/libgraph,C,1.0,0,0,0.265996,0.0,0,0.0,803,0.0,dormant,2
shorelinedev/aosp_device_lge_mako,C++,0.512821,1,0,0.110039,0.0,1,0.0,78625,0.392731,active,0
kayy/AnimatorAccess,C#,0.956989,1,0,0.279551,12.375,1,1.375,7237,0.0,active,29
blabla1337/bash-version-3.2.53-1--release-beta,C,0.5,2,0,0.153783,0.0,1,0.0,3087,0.0,dormant,0
SalvaAguilar/BoxSorter,Java,0.85,2,0,0.234438,0.0,1,0.0,953,0.0,dormant,0
pzfreo/ox-soa,Java,0.25,1,0,0.0,1.965517,0,0.034483,20820,0.0,active,1
mehtaketan7/FTP-Operation,Java,0.4,1,0,0.1,0.0,0,0.0,290,0.0,dormant,0
kmichel/po-localization,Python,0.542857,1,1,0.192857,89.0,1,0.0,1808,0.617411,active,5
tryton/account_de_skr03,Python,0.5,1,0,0.001138,0.768116,1,0.0,10547,0.142857,active,0
interdpth/TransformUltra-CM,C,0.035714,1,0,0.198103,0.0,1,0.0,5312,0.0,dormant,4
rno/vlc-vout-clutter,C,0.0,0,0,0.124402,0.0,1,0.0,183,0.0,dormant,3
kristof007/cloudstack,Python,0.5,0,0,0.060777,0.0,0,0.0,11999,0.008508,dormant,0
ProgrammerDan/digica,C++,1.0,1,0,0.483974,0.0,1,0.0,2875,0.0,dormant,0
snippet-nicotine/first_app,Ruby,0.346154,1,0,0.563636,0.0,0,0.0,205,0.221154,dormant,0
dblencowe/Codeigniter-Authentication-Library,PHP,1.0,2,0,0.137405,2.0,0,0.133333,678,0.0,dormant,29
UmarKholvadia/jozi-jug-annotations,Java,0.375,1,0,0.0,0.0,0,0.0,101,0.0,active,1
melonol/MelonFramework,PHP,0.736842,1,0,0.401302,19.0,1,1.0,4456,0.0,dormant,20
neelk07/Pillscribe,Java,0.692308,1,0,0.054764,0.0,0,0.0,25620,0.0,dormant,0
jkr06/backbone-rails-crud,Ruby,0.25,1,0,0.0,0.0,0,0.0,674,0.25,dormant,0
robermorales/vgs,Ruby,0.0,1,0,0.285535,0.0,0,0.0,2280,0.0,dormant,1
landell/landell,Python,0.918367,4,0,0.28569,3.140351,1,0.035088,6754,0.0,active,10
lite/yebob_tests,Python,0.333333,1,0,0.057692,0.0,0,0.0,69,0.693878,dormant,1
kevein/first_app,Ruby,0.319149,1,0,0.345307,2.0,0,0.0,713,0.306962,active,0
freistil/freistilbox-base-wordpress,PHP,0.968619,1,0,0.284566,0.695652,1,0.0,245871,0.0,active,1
hustnn/hustnn.github.com,Ruby,1.0,1,0,0.112299,0.0,1,0.0,1712,0.0,dormant,0
robotology-playground/insitu-ft-calibration,C++,0.8,1,1,0.192828,12.333333,1,0.666667,1377,0.309677,active,0
charicf/MedicalSearchWebClient,Java,0.647059,1,0,0.167405,0.0,1,0.0,1883,0.0,dormant,0
yulinmiller/LittleWeather,Java,0.583333,2,0,0.045995,0.0,1,0.0,1848,0.0,dormant,0
alonsoir/snakeDocRepo,Java,0.875,1,0,0.185582,0.0,0,0.0,5555,0.110794,dormant,0
eclarke/oboparser,Python,0.666667,1,0,0.180233,7.0,0,0.0,171,0.0,dormant,1
kin13/codeing,Python,0.0,1,0,0.0,0.0,0,0.0,6,0.0,dormant,0
justalisteningman/monomyth,Ruby,0.22807,1,0,0.177428,0.0,0,0.0,1477,0.104348,active,0
Hosannajfull/Event_Tracker,Ruby,0.470588,1,0,0.040686,0.0,1,0.0,6551,0.0,dormant,0
RRails/tradr,Ruby,0.264706,1,0,0.694125,0.0,0,0.0,578,0.046595,dormant,0
Miguel2354/ReportingDiary,PHP,0.988801,0,0,0.315178,0.0,1,0.0,472499,0.003527,dormant,1
yalanzhi/rsn,Ruby,0.277778,1,0,0.101782,3.833333,0,0.0,3283,0.0,dormant,0
lasl321/AdoNetSpike,C#,0.5,1,0,0.170213,0.0,0,0.0,110,0.0,dormant,0
korc/krutils,Python,0.857143,0,0,0.017442,0.0,0,0.0,2032,0.0,dormant,2
ShuangQiu/Opencv,C,0.4,1,0,0.177489,0.0,0,0.0,382,0.0,dormant,0
prooph/event-store-zf2-adapter,PHP,1.0,1,1,0.293358,5.0,1,0.25,396,0.3,active,1
dshawul/generator,C++,0.833333,1,0,0.099083,0.714286,0,0.0,3437,0.0,dormant,1
sbooth/AudioFrameworks,C,0.454545,2,0,0.198353,2.702703,1,0.135135,18173,0.0,dormant,46
engagementgamelab/AtStake,C#,0.973333,1,0,0.020491,29.5,0,0.0,13539,0.0,active,0
Christoph/bootstrapping,Python,0.0,2,0,0.285714,3.4,1,0.0,209,0.0,active,0
xcstream/coinwatcher,C#,0.5,0,0,0.002591,0.0,0,0.0,57649,0.0,dormant,0
iic-ninjas/TapeMeasureAndroid,Java,0.666667,1,0,0.093863,0.0,1,0.0,537,0.0,active,0
alecdhuse/JavaSVG,Java,0.888889,3,0,0.255067,0.0,0,0.0,1510,0.098039,dormant,1
ShinyArrow/Mazi,C#,0.47619,1,0,0.01018,0.0,0,0.0,1264,0.0,dormant,1
tliron/exceptional-c-exceptions,C,1.0,1,0,0.198245,0.0,1,0.0,13640,0.1784,dormant,3
eduardolundgren/yfast,PHP,1.0,0,0,0.04461,0.0,0,0.0,257,0.0,dormant,4
mindcruzer/bkn-reader,C,0.75,1,0,0.335553,0.111111,0,0.0,510,0.427126,active,0
bradp/showmesometingcute.com,PHP,0.0,1,0,0.0,0.0,0,0.0,83,0.0,active,0
dariodaprile/graphical_editor,Ruby,1.0,2,0,0.019802,0.0,0,0.0,198,0.459596,dormant,0
jtsommer/hci-flashcard,C++,0.75,3,0,0.16202,0.0,1,0.0,5113,0.0,dormant,0
violentr/Quiz_app,Ruby,0.4,1,0,0.40099,0.0,0,0.0,521,0.282392,dormant,0
shockone/oasit,Ruby,0.305085,1,0,0.297974,0.0,0,0.0,1393,0.265333,dormant,0
MissAllSunday/OharaYouTubeEmbed,PHP,0.181818,1,0,0.206219,10.583333,1,0.25,440,0.0,active,1
edenrox/java-basics,Java,1.0,1,0,0.039735,13.0,0,0.0,1163,0.397414,dormant,0
pamplemoose/pamplemoose,PHP,0.94708,1,0,0.239465,0.0,1,0.0,216231,0.0,dormant,0
ljinshuan/SpringMVCBasic,Java,0.75,1,0,0.194882,0.0,0,0.0,7362,0.173653,active,0
ocean90/MyRoRDemoApp,Ruby,0.160714,1,0,0.281034,0.0,0,0.0,889,0.244541,dormant,0
DMS-Aus/Roam,Python,0.85,1,1,0.105929,50.049999,1,11.5,37071,0.037402,active,59
luiznaac/Pratica52,Java,1.0,2,0,0.0,0.0,0,0.0,110,0.0,active,0
seliverstov-maxim/hyip,Ruby,0.391304,1,0,0.492063,0.0,1,0.0,271,0.08642,dormant,0
Irreverent-Honey-Badgers/In-Loop,Ruby,0.438202,4,0,0.183842,0.0,1,0.0,11690,0.160858,active,2
joekaiser/QuantumFlux,Java,0.936508,2,0,0.086469,0.0,0,0.0,3726,0.0,active,12
kkourin/LCSOpenCV,C++,0.5,2,0,0.128,0.0,0,0.0,336,0.0,active,0
lhazlewood/aya,Java,1.0,2,0,0.176404,0.0,0,0.0,733,0.0,dormant,5
sharego/nagios-utils,Python,0.0,1,0,0.080537,0.0,1,0.0,141,0.0,dormant,0
leouieda/heuristic-methods,Python,0.869565,0,0,0.354517,0.0,0,0.0,1036,0.0,dormant,1
LarryLv/hound-gitlab,Ruby,0.848649,1,1,0.041732,100.0,1,1.0,9517,0.499402,active,5
irwell/Project-Katana,PHP,0.5,1,0,0.8,0.0,0,0.0,5,0.0,active,0
sofiakim/Locate_me,Java,1.0,2,0,0.105058,0.0,0,0.0,462,0.0,active,0
v0ltair3/sample_app,Ruby,0.290323,1,0,0.326087,0.0,0,0.0,645,0.292135,dormant,0
nitroglycerine33/packages_apps_Settings,Java,1.0,1,0,0.10405,9.0,1,0.0,172974,0.005646,dormant,1
arirusso/midi-eye,Ruby,0.777778,1,0,0.193727,7.4,1,0.0,487,0.405034,active,15
yethi/Python,Python,0.666667,1,0,0.0,0.0,0,0.0,148,0.0,active,0
RdeWilde/xhp-twitter-bootstrap,PHP,1.0,1,0,0.025641,1.166667,0,0.0,266,0.0,active,1
lazyAchyut/SwasthaNepal,Java,1.0,1,0,0.052561,0.0,0,0.0,703,0.0,active,0
getfretless/elevennit,Ruby,0.294118,1,0,0.324134,0.0,1,0.0,1516,0.016043,active,0
UntouchedWagons/Mindcracker-Mobs,Java,0.966102,1,0,0.026216,0.0,1,0.0,2599,0.0,active,0
shiftplanning/php-sdk,PHP,1.0,1,0,0.157486,0.24,1,0.06,1233,0.0,active,6
ghatamos/movementDetect,C,0.428571,1,0,0.47027,0.0,1,0.0,101,0.0,dormant,0
chemickypes/ProvaGitHubWindows,Java,0.25,1,0,0.080537,0.0,0,0.0,446,0.0,active,0
hecline/Facts-Race-,Python,0.0,1,0,0.1,0.0,0,0.0,49,0.0,dormant,0
FAOID/idreporting,Java,1.0,1,0,0.002372,3.666667,0,0.0,6732,0.570605,dormant,1
semk/GitFS,Python,1.0,1,0,0.100982,0.0,1,0.0,642,0.0,dormant,17
rossnanop/tempoture,Python,0.333333,2,0,0.146465,0.0,0,0.0,1104,0.0,dormant,1
Nerfair/levelup,PHP,1.0,1,0,0.072464,0.0,0,0.0,64,0.0,dormant,0
katiekatieb/my-project,Ruby,0.25,1,0,0.0,0.0,0,0.0,52,0.512195,dormant,0
alcaideredb/RefParse,C++,0.857143,1,0,0.042578,0.0,0,0.0,2496,0.0,active,0
nirshandileep/HotelManagement,C#,0.841463,2,0,0.175869,27.0,1,3.733333,41317,0.0,active,3
zdwalter/mql4,C,0.0,1,0,0.221289,0.0,0,0.0,280,0.0,dormant,0
JakeGinnivan/XamlAttributeOrderingCodeCleanup,C#,0.777778,3,0,0.033571,3.285714,1,1.0,942,0.140584,dormant,7
vema555/coursera,Python,0.8,1,0,0.183746,0.0,0,0.0,235,0.0,active,0
MyXoToD/jekyll-boilerplate,Ruby,0.25,1,0,0.094421,0.0,0,0.0,238,0.0,dormant,0
pangloss/pacer-neo4j-algo,Ruby,0.0,1,0,0.0,1.153846,0,0.0,4,0.0,dormant,2
votca/moo,C++,0.884615,7,0,0.227697,3.30303,1,0.0,4088,0.0,dormant,0
Jonahk/OOP2,Ruby,0.0,1,0,0.008,0.0,0,0.0,124,0.0,dormant,0
EmiPatoR/TAL-HMM,C,0.882353,1,0,0.104981,24.0,0,0.0,1675,0.0,active,0
Kinob/Feedmate,PHP,0.188679,1,0,0.13968,0.0,0,0.0,1381,0.378505,dormant,0
me222wm/1dv404-laboration-1,C#,0.066667,1,0,0.195489,0.0,0,0.0,318,0.0,active,0
jenni0729/oauthLab,Ruby,0.138889,1,0,0.443503,0.0,0,0.0,412,0.087432,active,0
caliston/ro-bootlinux,C,0.583333,1,0,0.162942,0.0,1,0.0,898,0.0,dormant,0
datablend/gephi-blueprints-plugin,Java,0.333333,0,0,0.119925,0.0,1,0.0,7518,0.0,dormant,25
r-sreesaran/GalaxySavior,C,0.5,1,0,0.094303,0.0,0,0.0,464,0.0,dormant,0
Tedezed/Chat-Socket-Python,Python,0.5,1,0,0.046512,0.0,0,0.0,44,0.0,dormant,0
lukas-krecan/java8-playground,Java,0.821429,1,0,0.251812,6.4,1,0.0,1243,0.0,dormant,2
psychoticmeow/quickexport,PHP,1.0,1,0,0.081967,0.0,1,0.0,112,0.0,dormant,2
mambu-gmbh/mygengo-string-upload-ant,Java,0.0,1,0,0.234177,0.714286,1,0.0,208,0.0,dormant,1
jrivets/jrivets,Java,0.982456,1,0,0.103692,1.636364,1,0.0,4999,0.452279,active,1
jaesivsm/pyogame,Python,0.842105,1,0,0.018954,10.076923,0,1.615385,1295,0.0,dormant,4
roryscarson/NOVUS,Python,0.955556,1,0,0.178106,0.333333,1,0.0,11781,0.0,active,0
ACM-UCI/acmuci.com,PHP,0.566667,1,0,0.178606,3.357143,1,0.214286,3348,0.0,dormant,1
dancorkill/hawk,Ruby,0.173913,1,0,0.358191,1.0,0,0.0,696,0.297688,dormant,0
awesomebytes/my_pkg,Python,0.5,1,0,0.512605,0.0,0,0.0,94,0.0,dormant,2
abhijit-murthy/wwws,Python,1.0,1,0,0.044986,0.0,1,0.0,7967,0.0,dormant,0
smritisingh/dsprograms,C,1.0,1,0,0.027027,0.0,0,0.0,289,0.0,dormant,0
neam/yii-workflow-task-list,PHP,0.5,1,0,0.290801,0.0,0,0.0,239,0.0,dormant,1
popcorn-official/popcorn-android,Java,0.997835,1,0,0.241102,124.25,1,0.5,47661,0.0,active,3
fukata/rtb-server,C,0.2,1,0,0.093129,0.0,1,0.0,2229,0.0,dormant,2
ianreah/ianreah.github.com,Ruby,0.5,1,0,0.018612,3.035714,1,0.0,8603,0.0,active,0
ratnakarrao-nyros/rpageless,Ruby,0.2,1,0,0.278226,0.0,1,0.0,207,0.0,dormant,0
masondesu/So-White,Ruby,0.0,2,0,0.0516,4.1875,0,0.1875,1444,0.0,dormant,1
FutureProcessing/RFRunnerPlugin,Java,0.833333,2,0,0.037662,0.0,1,0.0,761,0.0,active,5
pmartinperez/Empleados,Java,0.8,1,0,0.665049,0.0,0,0.0,69,0.0,active,0
agmip/conflate,Java,1.0,1,0,0.047187,11.0,0,0.0,1050,0.0,dormant,0
codediablos/mycmd,Python,1.0,2,0,0.068807,3.545455,0,0.0,587,0.0,dormant,1
jefer2412/pruebas,Java,0.441176,1,0,0.300833,0.0,1,0.0,1478,0.094535,dormant,0
sebastianblum/visionline-webapi-client,PHP,0.846154,1,0,0.479134,4.0,0,0.0,2043,0.0,active,0
bukka/php-crypto,C,0.7,1,0,0.181335,12.047619,1,0.47619,3545,0.0,active,22
torbjoern/ProtoWizard,C,0.809524,1,0,0.143546,0.0,0,0.0,20781,0.389591,dormant,2
fossamikom/amd,Python,1.0,0,0,0.063205,0.0,0,0.0,456,0.0,dormant,1
nu774/cafmux,C++,0.916667,1,0,0.052575,2.842105,1,0.0,5298,0.260648,dormant,1
peternixon/opennms-mirror,Java,0.987891,8,0,0.206076,138.857147,1,0.0,1712290,0.21081,dormant,1
yxl/FixFirefoxHangs,C++,0.285714,1,0,0.314079,0.0,0,0.0,193,0.0,dormant,0
bigpotato920/advr,C,0.625,1,0,0.16723,51.0,0,0.0,986,0.052147,dormant,0
shinhermit/Android_Pau_Park,Java,1.0,2,0,0.249136,127.0,0,0.0,4129,0.0,active,0
shandowsoftware/cnblogs-wpapp,C#,0.986111,1,0,0.136244,0.0,0,0.0,7051,0.0,dormant,0
OpenRAP/arquillian-containertesting,Java,0.888889,1,0,0.031282,0.0,0,0.0,992,0.443299,dormant,0
Rayvenden/python-utilities,Python,0.5,1,0,0.070707,0.0,1,0.0,97,0.0,active,0
slander36/ML-Fun,Python,0.0,1,0,0.0,0.0,1,0.0,33,0.0,dormant,0
allanmaio/dev-environment,Ruby,0.0,1,0,0.0,0.0,0,0.0,3,0.0,dormant,0
jdbecker/mars,Python,0.9375,1,0,0.37621,0.0,0,0.0,451,0.0,dormant,0
hardywen/yimei,PHP,0.882353,1,1,0.321621,3.0,0,0.0,11470,0.0,active,0
goncha/django-fabtasks,Python,0.647059,1,0,0.128884,0.0,1,0.0,768,0.177333,dormant,0
moodspace/PMUI,C#,0.95,1,0,0.125893,0.0,0,0.0,1593,0.0,dormant,0
TanakaYutaro/sti_sample,Ruby,0.28,1,0,0.354191,0.0,0,0.0,655,0.227891,active,0
ishouvik/iShouvik-Elgg-Adverts,PHP,0.142857,0,0,0.135802,0.0,1,0.0,85,0.0,dormant,1
thaplague/android_external_dhcpcd,C,0.869565,3,0,0.125892,1.333333,1,0.0,6679,0.0,dormant,1
pnx/utils,C,0.2,1,0,0.1208,1.0625,1,0.0,2198,0.0,dormant,1
benoit1980/yii2build,PHP,0.945349,1,0,0.251737,10.0,1,0.0,227568,0.053246,active,0
mitko113/CSharp,C#,0.026718,1,0,0.115572,0.0,0,0.0,12989,0.0,dormant,1
hblanks/zen-of-python-by-example,Python,0.0,2,0,0.157735,0.176471,1,0.058824,834,1.0,active,2
sjolinjohan180/redLettr,PHP,0.980392,1,0,0.241354,0.0,1,0.0,30539,0.989522,dormant,0
JinleiK/Information_Retrieval,Python,0.4,1,0,0.086667,0.0,0,0.0,961,0.0,active,0
sdrogers/BabySitting,Python,0.416667,1,0,0.177536,0.0,0,0.0,455,0.013115,active,0
webvadim/wsock,Java,1.0,1,0,0.126991,0.0,0,0.0,4024,0.0,active,0
stresslimit/get_posts-by-Category,PHP,0.0,1,0,0.300971,0.0,0,0.0,89,0.0,dormant,0
tuulos/bd-ghbadge-analysis,Python,0.0,1,0,0.047619,0.0,0,0.0,62,0.0,dormant,0
surround-io/gst-omx,C,0.784615,4,0,0.228545,14.909091,1,0.0,17364,0.664575,active,0
Nor2Dik/MyUnityProject,C#,0.333333,2,0,0.071429,0.0,1,0.0,55,0.0,dormant,0
ravimca49/testone,Java,0.75,1,0,0.142857,0.0,0,0.0,42,0.0,dormant,0
HaikuArchives/EasyToolkitAndExtension,C++,0.754491,1,0,0.112963,0.0,1,0.0,73957,0.022651,dormant,0
carolinagc/dm4-kiezatlas-frontend,Java,0.5,1,0,0.126955,28.5,1,0.0,303809,0.0,dormant,0
ngyuki/php-ftp-client,PHP,0.961538,1,1,0.238401,2.416667,0,0.125,3355,0.600124,dormant,7
SamuelWillis/Combinatoric-Designs,Python,0.0,1,0,0.103448,0.0,0,0.0,27,0.0,dormant,1
MatthewMerrill/PiPlotter-Server,Java,0.5,1,0,0.124481,5.0,1,0.0,214,0.0,dormant,0
jmhertlein/CS342Project,Java,0.969697,1,0,0.369679,11.333333,1,1.166667,1473,0.042233,dormant,0
laobubu/pico_WebServlet_temple_for_eclipse,Java,0.0,1,0,0.0,0.0,0,0.0,79,0.0,dormant,0
twgoetz/milvus,Java,0.90625,1,0,0.09917,0.777778,1,0.0,1956,0.0,dormant,0
livkai/CB,Java,1.0,3,0,0.355177,25.5,0,0.0,8059,0.0,dormant,0
LiangzhouArduino/pov_writer,Java,0.5,1,0,0.117033,0.0,0,0.0,1613,0.0,active,0
zhanganha/tlrt,Ruby,0.75,1,0,0.051171,0.0,0,0.0,1136,0.576303,dormant,0
janadi/PPC,PHP,0.935471,1,0,0.198656,0.0,1,0.0,743260,4.9e-05,dormant,0
Tiitan/ServerRestoApp,PHP,0.916667,1,0,0.087093,0.0,0,0.0,870,0.0,dormant,0
ownclo/jpeg-on-steroids,C,0.832287,1,0,0.219752,44.0,1,0.0,347477,0.223133,dormant,0
Collabforge/site-fial,PHP,0.347826,3,0,0.497056,81.083336,1,0.0,39773,0.0,active,0
anthonator/paranoia_uniqueness_validator,Ruby,0.290323,1,1,0.406646,3.111111,1,0.148148,419,0.071429,active,24
modsato/MySample001,Python,0.0,1,0,0.5,0.0,0,0.0,3,0.0,dormant,1
OpenMRS/openmrs-module-providermanagement,Java,0.917808,1,0,0.22817,3.633333,0,0.133333,10395,0.426513,active,1
nathantownsend/myCoal,C#,0.926829,3,0,0.032324,22.200001,1,0.0,370873,0.0,active,0
osbock/avr_boot,C,0.833333,1,0,0.193294,0.0,0,0.0,1215,0.0,dormant,16
fs3d/DBListView,Java,0.666667,1,0,0.105919,0.0,0,0.0,309,0.0,active,0
zhmili/in_door,C,0.0,1,0,0.0,0.0,0,0.0,0,0.0,dormant,0
Zabaykina/rts.lab02,Java,1.0,1,0,0.043062,0.0,0,0.0,200,0.0,dormant,0
NickHardeman/ofxTweenzor,C++,0.928571,1,0,0.170326,0.543478,1,0.152174,1269,0.0,active,35
enochd/MultiwellReader,Python,0.666667,1,0,0.301939,1.0,0,0.0,507,0.0,active,0
flybug/xparser,Java,1.0,2,0,0.129252,1.076923,0,0.0,512,0.054688,active,0
SirGargamel/EduApp,Java,0.983152,1,0,0.116152,21.4,1,8.5,869226,0.0,active,1
alfmel/zend_tutorial_in_cougar,PHP,1.0,1,0,0.490385,0.0,0,0.0,263,0.512077,dormant,1
olivergondza/dumpling-doclet,Java,1.0,1,0,0.207843,2.75,0,0.0,202,0.0,active,0
stding/MyApps,Ruby,0.428571,1,0,0.385246,3.0,0,0.0,387,0.147727,dormant,0
grzesiek-galezowski/tdd-toolkit,C#,0.905109,2,1,0.058663,10.222222,1,0.111111,7982,0.246494,active,6
google/VoltAir,C++,0.967136,2,0,0.15793,1.888889,1,0.444444,83546,0.018572,dormant,209
code-Phreak/hackerRank,Java,0.0,1,0,0.025,0.0,0,0.0,41,0.0,active,0
deepakkathayat/Python-Game,Python,1.0,1,0,0.135484,0.0,0,0.0,1743,0.0,dormant,0
ragu-S/hack4good,Ruby,0.206897,1,0,0.47395,0.0,0,0.0,877,0.156977,dormant,0
joseiogr/thenewtrilogy,PHP,0.941441,2,0,0.243991,2.0,1,0.25,188298,0.0,dormant,0
hqxsn/weibouser,Java,0.890411,0,0,0.210811,0.0,0,0.0,2190,0.0,dormant,4
albtop/ice,Java,1.0,2,0,0.104991,0.0,0,0.0,1567,0.0,dormant,0
praky/ivr,Java,0.8,1,0,0.0,18.0,0,0.0,550,0.0,dormant,0
KANekT/PunBB.Extensions,PHP,0.202703,1,0,0.128596,2.272727,1,0.022727,7539,0.0,active,7
gbiggs/rtmdds,C++,0.984615,1,0,0.230535,0.0,1,0.0,5659,0.0,dormant,1
lgics/cm_device_lge_p505,C++,0.0,2,0,0.25498,8.0,1,0.8,250,0.0,dormant,4
zjhsdtc/seuknower_renren,Python,0.666667,1,0,0.111511,4.0,0,0.0,741,0.0,dormant,0
abar193/Mpgi2Challenge,Java,0.0,1,0,0.403162,0.0,0,0.0,154,0.0,dormant,0
yangxijun/textRotator,Java,0.333333,2,0,0.174312,0.0,0,0.0,180,0.0,dormant,0
gisweb/praticaweb-2.0-alghero,PHP,0.75717,1,0,0.16883,0.0,1,0.0,514586,0.00074,dormant,0
11101011/preCPhaseFieldFoam,C++,0.769231,1,0,0.26671,0.0,1,0.0,1145,0.0,active,0
ChrisZou/studyharder,Java,0.888889,1,0,0.112661,11.0,0,0.0,878,0.0,active,0
klinker-apps/slideover-messaging,Java,0.944444,2,0,0.103896,3.333333,1,0.0,4128,0.0,dormant,15
ecoal95/polls,PHP,0.780488,1,0,0.07365,0.0,1,0.0,7493,0.0,dormant,0
redrick/elasticdemo,Ruby,0.314815,1,0,0.202949,4.0,0,0.25,8319,0.205508,dormant,0
faisal09/pagination,PHP,0.4,1,0,0.017758,0.0,0,0.0,888,0.0,dormant,0
Ernti/GGcpp,C++,0.846154,1,0,0.053342,5.6,1,0.0,1404,0.0,active,1
Seishin/habits-android,Java,0.972603,1,0,0.132509,0.0,0,0.0,3550,0.0,active,2
tarnelope/PumpTrainer,Java,0.933333,1,0,0.08365,0.0,0,0.0,2169,0.0,active,0
krishna2778/twitpuzzle,Python,0.787809,1,0,0.252054,0.0,1,0.0,144732,0.189958,dormant,0
keertipriya/de.vogella.git.first,Java,0.5,2,0,0.0,0.0,0,0.0,12,0.0,active,0
janstafa/SoccerBallsPyramid,C#,0.846154,1,0,0.215385,0.0,0,0.0,357,0.404,dormant,1
richardhj/contao_isotope_rules_BirthdayMailer,PHP,0.142857,1,0,0.652913,0.0,0,0.0,151,0.0,dormant,0
achpile/sfml-lighting,C++,0.866667,1,0,0.278132,0.0,0,0.0,838,0.0,dormant,7
AmrARaouf/MazePlusWa7sh,C++,0.25,1,0,0.078902,0.0,0,0.0,540,0.0,dormant,0
PMOREIRA-GIT-SIR/PROJECT1-MONDAYS,PHP,0.5,1,0,0.186552,0.0,0,0.0,7029,0.0,dormant,0
xiebiao/springmvc_mybatis_integrated,Java,0.694444,1,0,0.176086,0.866667,0,0.0,1389,0.088076,active,1
dchavezlive/Nubot-Simulator,C#,0.0,1,0,0.122449,0.5,0,0.125,2397,0.0,dormant,1
julianodb/comidinas-brasilenas,PHP,0.755102,1,0,0.312032,0.0,1,0.0,45444,0.0,dormant,0
pihizi/gini-debade,PHP,0.666667,1,0,0.052356,18.0,0,1.0,206,0.0,active,2
mitchcorc/VCS,Java,1.0,1,0,0.404389,0.0,0,0.0,380,0.0,active,0
fedvaig/pruebacup,Java,0.666667,1,0,0.130201,0.0,0,0.0,1296,0.0,dormant,0
rainphp/rainframework,PHP,0.615385,2,0,0.164752,2.708333,1,0.520833,32787,0.002805,active,76
MGXRace/Utilities,Python,1.0,1,0,0.116137,3.444444,1,0.0,730,0.0,active,0
liangge/ThinkingInJava,Java,0.630435,1,0,0.071778,0.0,0,0.0,1141,0.0,active,0
uzyn/base-is-right,PHP,0.893678,1,0,0.34519,0.0,0,0.0,78845,0.540294,active,0
kansi/pythonPro,Python,1.0,1,0,0.084656,0.0,0,0.0,181,0.0,dormant,0
SpiritBreaker226/codesamples-Chatr,C#,1.0,1,0,0.213235,0.0,1,0.0,766,0.0,active,0
bavaria95/sentiment,Python,0.0,1,0,1.3e-05,0.0,1,0.0,222405,0.0,active,0
thecotne/smart_less_build,Python,1.0,2,0,0.166163,3.833333,1,0.333333,301,0.0,dormant,6
ruslanruslanruslan/AvitoRuslanParser,C#,0.958763,2,0,0.026439,5.153846,0,1.076923,17353,0.0,active,0
vipulnsward/twitter-puzzle,Ruby,0.333333,1,0,0.030948,0.0,1,0.0,12354,0.171642,dormant,0
alzhong/booEdit,C++,1.0,1,0,0.208072,0.0,0,0.0,1766,0.006977,active,0
kevinaubert/ChangementViewer,Python,0.75,2,0,0.201993,0.0,1,0.0,1440,0.0,dormant,1
djom20/tweets-rails,Ruby,0.177778,1,0,0.367199,0.0,0,0.0,469,0.142857,dormant,0
tsschnoc/usbSerialSample,Java,0.923729,1,0,0.290918,0.0,1,0.0,28306,0.0,dormant,0
veter-team/joystick-sensor,C++,1.0,1,0,0.097561,0.0,1,0.0,376,0.0,dormant,0
geraldosequeira/servlet3,Java,0.916667,1,0,0.017094,0.0,0,0.0,345,0.0,active,0
katyukha/openerp-proxy,Python,0.84375,2,0,0.393656,11.153846,1,0.0,2148,0.0,active,6
Jimaklas/section2grd,Python,0.0,1,0,0.014925,0.0,1,0.0,69,0.0,active,0
jbcooley/tivo-sdks,C#,0.921933,1,0,0.203765,0.0,0,0.0,19300,0.0,active,0
dariadyma/first_steps,C++,0.631579,1,0,0.107612,0.0,0,0.0,871,0.0,dormant,0
gmjorge/gmjorge.github.com,Ruby,0.5,1,0,0.013021,2.428571,1,0.0,10690,0.0,dormant,1
rgfpy/ciberwap,PHP,0.5,1,0,0.003906,0.0,1,0.0,1023,0.0,dormant,0
Tywholland/flots,Java,0.25,2,0,0.143389,0.0,0,0.0,499,0.0,dormant,0
codelaice/codelaice,Java,0.571429,2,0,0.060132,0.0,0,0.0,5128,0.0,active,0
schwuk/schwuk,Ruby,0.25,1,0,0.007899,0.125,0,0.0,7288,0.0,active,1
windowsphonehacker/wph-emailkey,C#,0.333333,0,0,0.170673,0.0,1,0.0,355,0.0,dormant,1
bigfleet/accountable,Ruby,0.5,1,0,0.163205,10.5,1,0.0,1214,0.374038,dormant,5
pippinsplugins/Transients-Manager,PHP,0.0,2,0,0.291581,5.375,0,2.125,348,0.0,active,53
tanhe123/RefactorSample,Java,1.0,1,0,0.153473,0.0,0,0.0,524,0.0,active,0
rootwork/ringsforever,PHP,0.758016,1,0,0.432676,10.588235,1,0.0,438883,0.070337,active,0
earthcharmeddec/Java,Java,0.285714,1,0,0.324194,0.0,0,0.0,429,0.0,dormant,0
Jaden-Giordano/ProjectBeta,Java,1.0,1,0,0.0,0.0,0,0.0,370,0.0,dormant,0
tomchop/volatility-autoruns,Python,0.5,2,0,0.063872,10.0,1,2.0,519,0.0,active,54
19charles92/CIE,PHP,0.990698,1,0,0.381262,6.0,1,0.0,61860,0.0,dormant,0
graste/params,PHP,0.717949,1,1,0.248368,5.555556,1,1.555556,6308,0.769778,active,8
TheBEWDifulPeople/ShirtsManagementApp,Ruby,0.457447,1,0,0.384025,0.0,0,0.0,1104,0.192913,dormant,0
zhued/CSCI-1300---Introduction-to-Computer-Science,C++,0.45,2,0,0.354386,0.0,0,0.0,1475,0.0,active,0
KyleAshley/quadcopter,C,0.88,1,0,0.259932,65.0,0,0.0,3126,0.0,dormant,0
Ceutec/Progra2Tarea5,Java,1.0,1,0,0.050279,0.0,1,0.0,172,0.794118,active,0
borjaeu/kizilare-api-togglr,PHP,1.0,1,0,0.305556,0.0,0,0.0,127,0.0,active,0
therealmik/noncemistake,Python,0.666667,1,0,0.201439,0.0,1,0.0,525,0.0,dormant,5
ClickerMonkey/zource,Java,1.0,1,0,0.571664,2.25,1,0.0,305,0.0,dormant,2
TeamIrish/PlanetAusmus,C++,0.970588,1,0,0.180769,0.25,0,0.0,2130,0.0,dormant,0
zopefoundation/z3c.taskqueue,Python,0.692308,2,1,0.232958,16.0,1,0.0,1159,0.044386,dormant,0
vike27/reddit_on_rails2,Ruby,0.46875,1,0,0.406003,0.0,0,0.0,1141,0.07622,dormant,0
adaptives/ideas,Python,0.4,0,0,0.100619,0.0,0,0.0,1163,0.022599,dormant,2
tovrstra/depix,Python,0.0,1,0,0.226027,0.0,1,0.0,114,0.0,dormant,0
balamuralikrish/TestHudsonPre,Java,0.0,1,0,0.363636,0.0,0,0.0,7,0.0,dormant,0
jacthinman/Tor-Stem,Python,0.771429,2,0,0.400145,75.25,1,0.0,6640,0.487902,dormant,3
FelicePollano/Cron.NET,C#,0.714286,1,0,0.269778,0.0,1,0.0,1861,0.017846,dormant,4
kapost/background_streamer,Ruby,0.571429,2,0,0.008197,0.0,1,0.0,283,0.0,dormant,0
paniwani/sample_app,Ruby,0.257143,1,0,0.442155,0.0,0,0.0,445,0.183784,dormant,0
sagargit/MoviesRepo,Java,1.0,1,0,0.0,0.0,0,0.0,24,0.0,dormant,0
ahorn/sup-smt-plugin,C++,0.906542,0,0,0.289212,0.0,1,0.0,55780,0.705523,dormant,1
aleksandarmilicevic/solveit,Ruby,0.3,1,0,0.180877,5.666667,0,0.0,2598,0.013728,dormant,0
andy5876/Volatility-Plugin-Manager,C#,0.384615,1,0,0.074417,0.0,1,0.0,5081,0.0,dormant,8
ddave2122/RefactoredInfluenceMazimization,Java,1.0,1,0,0.009901,0.0,0,0.0,1202,0.0,active,0
YuryYaroshevich/pimu,Java,0.882353,1,0,0.014665,0.0,0,0.0,1075,0.0,dormant,0
dtlvhyy/NetEase,Java,0.035714,2,0,0.181155,10.5,0,0.0,5501,0.0,active,1
MrClassy/ClassyCraft,Java,0.571429,1,0,0.131488,0.0,0,0.0,257,0.120482,dormant,0
justindunn/illbillyrecords,Ruby,0.146341,1,0,0.164516,0.0,0,0.0,2882,0.329321,dormant,0
rit-sse-mycroft/app-reminders,C#,0.857143,1,0,0.195219,0.0,0,0.0,1033,0.0,dormant,0
emmano/BlurStickyHeaderListView,Java,0.75,1,0,0.030238,8.333333,0,0.0,639,0.0,active,101
meetrp/memory-wrapper,C,0.333333,1,0,0.410989,0.0,0,0.0,302,0.0,dormant,0
zyli5313/CareerCup,C++,0.966667,1,0,0.097622,3.75,0,0.0,2163,0.0,dormant,1
nsiddharth/TipCalculator,Java,0.5,1,0,0.214912,0.0,0,0.0,183,0.0,dormant,0
Chatanga/Girinoscope,Java,1.0,1,0,0.06371,26.0,1,0.0,1608,0.0,active,11
wp-plugins/atomic-reach-audience-engager,PHP,0.769231,1,0,0.157593,2.75,0,0.0,4868,0.0,active,0
dvogel/usabenford,Python,0.583333,2,0,0.19122,0.0,0,0.0,5952,0.0,dormant,5
amar47shah/demo_app,Ruby,0.3125,1,0,0.352941,0.0,0,0.0,694,0.306962,dormant,0
squidarth/BkSwapper,Ruby,0.253012,0,0,0.390484,0.0,0,0.0,1039,0.229437,dormant,2
Numerico/dapantry,Ruby,0.3,1,0,0.416787,0.0,0,0.0,407,0.230769,dormant,0
erikwestra/ripple-history,Python,0.24,1,0,0.314355,0.0,0,0.0,1136,0.0,dormant,0
asasse01/sp2-cw1-2014,Java,0.0,2,0,0.08209,0.0,0,0.0,621,0.0,active,0
FerryRiet/Honours,Java,0.909091,3,0,0.032465,0.0,1,0.0,2415,0.0,dormant,1
rich-hart/BioClass,Python,0.25,1,0,0.147868,7.666667,1,0.0,505875,0.0,active,0
Damon-V79/damonblog,C++,0.454545,1,0,0.162767,0.0,1,0.0,897,0.320567,dormant,0
awesomebytes/reem_iri_poseslam,Python,0.25,1,0,0.399563,0.0,0,0.0,361,0.0,dormant,0
AlbericC/py_misc,Python,0.727273,2,0,0.118056,0.0,1,0.0,891,0.127208,active,0
garin/raf2html,Ruby,0.75,1,0,0.063725,0.0,1,0.0,382,0.0,dormant,0
hockenburj1/web-programming,PHP,0.0,1,0,0.466667,0.0,0,0.0,18,0.0,dormant,0
martinmm/wiiconfig,C++,0.333333,0,0,0.896532,0.0,0,0.0,272,0.0,dormant,1
sunlightlabs/dc-campaign-finance,Python,1.0,1,0,0.116945,0.0,1,0.0,383,0.0,dormant,3
kbarber/ruby-iptables,Ruby,0.857143,1,1,0.153722,6.5,0,0.0,533,0.600783,dormant,5
Zingorn/Figures,PHP,0.833333,1,0,0.088462,0.0,0,0.0,240,0.0,dormant,0
simpatico111/Simpatico,Java,1.0,1,0,0.2,0.0,0,0.0,184,0.0,active,0
Myopengrid/thumbnails,PHP,0.905405,1,1,0.095192,4.833333,1,0.333333,27489,0.065524,dormant,0
slakshmiumesh/salestools,Java,0.0,1,0,0.0,0.0,0,0.0,7,0.0,dormant,0
pdhs/hr,Java,0.887324,3,0,0.087084,18.25,0,0.0,10115,0.0,dormant,0
AU-Landing-Project/veeplay,PHP,0.125,0,0,0.128704,0.0,1,0.0,1032,0.0,dormant,0
angelluk/Kayak,Java,1.0,1,0,0.248,0.0,0,0.0,196,0.25,active,0
lucaswiman/git_vulture,Python,0.5,1,0,0.175,2.5,0,0.0,69,0.0,dormant,0
mattott/BitwiseCalculator,Java,0.75,2,0,0.072987,0.0,0,0.0,1108,0.0,dormant,1
KeithYue/WebTopicModel,Python,0.833333,1,0,0.064246,0.0,1,0.0,400,0.0,dormant,3
shiripaco/demo_app,Ruby,0.3125,1,0,0.350575,0.0,0,0.0,709,0.306962,dormant,0
koher/Java-Database,Java,1.0,1,0,0.0,2.333333,1,0.0,269,0.256506,active,0
spchuang/Mini-Tea-MVC,PHP,0.666667,2,0,0.261569,0.190476,0,0.095238,481,0.0,dormant,4
merritts/ncaa_scraper,Python,1.0,1,0,0.017544,0.0,0,0.0,116,0.0,active,1
FlaPer87/marconi-specs,Python,0.5,1,0,0.655172,0.0,1,0.0,52,0.0,dormant,0
mikeboers/TreeSoup,Python,0.5,0,0,0.064286,0.0,1,0.0,138,0.0,dormant,2
leoroos/snippetsc,Java,0.8125,1,0,0.098266,0.0,1,0.0,940,0.0,dormant,0
th3fallen/pastes,PHP,0.921212,0,0,0.532731,0.0,1,0.0,12893,0.000611,dormant,2
zwvista/EnableIPW,C++,0.25,1,0,0.150376,0.0,0,0.0,333,0.0,dormant,0
friend1ws/rankSynergy,C++,0.75,1,0,0.077994,0.0,1,0.0,370,0.0,dormant,1
agashka/carPi,Python,0.5,1,0,0.060345,0.0,0,0.0,110,0.0,dormant,0
reizist/my-ruboty,Ruby,0.0,1,0,0.0,0.0,0,0.0,44,0.0,active,0
JDrit/mon,Ruby,0.372549,1,0,0.146969,7.0,1,2.5,2954,0.038487,dormant,0
jersagfast/Breathing-LED,Java,0.0,0,0,0.086957,0.0,0,0.0,63,0.0,dormant,3
Tinkerforge/led-strip-bricklet,C,0.333333,3,0,0.105483,2.647059,0,0.0,2139,0.0,active,1
tjeastmond/Rome-CMS,PHP,0.658824,0,0,0.249452,0.0,1,0.0,9932,0.0,dormant,5
heberthbraga/musikchords-srv,Ruby,0.321429,1,0,0.168364,0.0,1,0.0,2790,0.538012,dormant,0
Richie97/MaterialGirl,Java,0.809524,1,0,0.042683,5.0,0,0.25,2576,0.0,active,5
toniob95/demo_app,Ruby,0.142857,1,0,0.342612,0.0,0,0.0,754,0.284866,dormant,0
ericclemmons/wordpress-skeleton,PHP,0.0,1,0,0.0,8.384615,0,0.538462,174,0.0,dormant,11
cobblehillmachine/synergywellness,PHP,0.95183,1,0,0.255779,1.285714,1,0.0,237381,0.0,dormant,0
astrellon/nesopode,C++,1.0,1,0,0.153144,0.0,1,0.0,839,0.0,dormant,0
ripazha/Java,Java,0.8,1,0,0.129848,0.0,0,0.0,4937,0.0,dormant,0
redlac/YouTube-Fetcher,Java,0.96206,1,0,0.278562,13.0,1,0.0,117077,0.603646,active,0
adelevie/legal-cloud,Ruby,0.583333,0,0,0.296089,0.0,0,0.0,185,0.0,dormant,1
deinemudder/javasnippets-utils,Java,0.555556,2,0,0.181685,5.0,0,0.0,1674,0.172859,active,0
ALive-WoW/RC2,C++,0.866302,2,0,0.158813,30.5,1,1.75,903507,0.0,dormant,15
alagu/appengine,Python,1.0,1,0,0.067736,2.333333,1,0.0,524,0.0,dormant,3
davidsevcik/todohq,Ruby,0.227273,1,0,0.118122,0.0,0,0.0,8208,0.332776,dormant,1
playmusicdecrypter/playmusicdecrypter,Python,0.8,2,0,0.200528,0.642857,1,0.357143,345,0.0,active,39
wildlyinaccurate/magicrainbowadventure,PHP,0.918768,1,0,0.438148,57.0,1,0.0,32959,0.003652,dormant,2
Soomla/cocos2dx-profile-example,Java,0.942857,1,0,0.444147,11.0,1,0.166667,25268,0.0,active,5
anonkey/home,C,0.846154,2,0,0.136643,2.5,0,0.0,8034,0.0,dormant,0
likelab/LeetCode,C++,1.0,1,0,0.076825,6.666667,0,0.0,2886,0.0,active,2
kkaylium/LessBeds,Java,0.992904,1,0,0.147671,0.0,1,0.0,199884,0.0,dormant,0
xiayu5945/JavaUtil,Java,0.666667,1,0,0.039384,0.0,0,0.0,561,0.0,dormant,1
mtthp/Pacman,Java,1.0,1,0,0.059524,0.0,0,0.0,316,0.0,dormant,0
easobral/modemmanager,C++,1.0,1,0,0.0,0.0,1,0.0,374,0.0,dormant,0
shawnsandy/BJ-Signature,PHP,0.111111,1,0,0.204507,0.0,1,0.0,11860,0.0,dormant,1
wgjak47/ACM-UVA,C++,0.992727,1,0,0.026768,0.75,1,0.0,23456,0.0,active,0
uctools/msp430-template,C,0.0,1,0,0.454545,7.0,0,2.0,89,0.0,dormant,14
jeberly/kexp-playlist-grabber,Ruby,0.0,0,0,0.125,0.0,0,0.0,35,0.0,dormant,3
RTG-MediaLab/PyGmail,Python,1.0,1,0,0.0,0.0,1,0.0,170,0.0,active,0
Ceiu/php-byrefpassthrough,PHP,0.666667,2,0,0.357367,0.0,0,0.0,634,0.679901,dormant,1
moulabba/ServicePartage,Java,0.25,1,0,0.050562,0.6,0,0.0,845,0.0,active,0
vredniy/rails-rest-api,Ruby,0.12,1,0,0.423792,0.0,0,0.0,322,0.058333,dormant,0
stephenrkell/libpmirror,C++,0.9,2,0,0.178252,1.387097,0,0.0,4686,0.064108,active,2
gtan66/test,Ruby,0.064516,1,0,0.490881,0.0,0,0.0,351,0.091603,active,0
gbif/gbif-common-service,Java,0.5,4,0,0.353135,1.636364,1,0.0,199,0.351562,active,0
TimoFedd/IT-Sicherheit2,Java,0.25,3,0,0.227184,0.0,0,0.0,402,0.0,dormant,0
shutingrz/vitocha,Ruby,1.0,1,0,0.251839,0.363636,0,0.0,1322,0.0,active,1
piotr-skotnicki/random-string-parameter-plugin,Java,1.0,1,0,0.217687,0.0,1,0.0,230,0.0,dormant,0
fredyfontaine/RIACA2v1,C#,0.5,1,0,0.19031,0.0,0,0.0,56979,0.0,dormant,0
tammyd/nhl2json,Python,0.8,1,0,0.02168,0.0,0,0.0,381,0.0,dormant,0
BrianReckliss/Abandon_All_Hope,C++,0.0,2,0,0.241466,0.0,0,0.0,600,0.0,dormant,0
nabilmurshed/Group-Chat-Room,Java,1.0,1,0,0.017241,0.0,0,0.0,171,0.0,active,0
ToxBank/toxbank-api-client,Java,0.782609,2,0,0.155359,6.157895,0,0.0,5067,0.333983,active,3
ChoonKwang/flreservationsystem,PHP,0.477612,1,0,0.025841,0.0,0,0.0,4863,0.0,active,0
hoppfrosch/Weaving-py,Python,0.25,1,0,0.305483,5.0,1,2.0,532,0.441176,dormant,0
alkemist/gradle-test-kit,Java,0.916667,3,0,0.199301,0.692308,1,0.461538,546,0.0,dormant,23
zmcartor/Algorithms,Python,0.4,1,0,0.148515,7.0,1,0.0,178,0.0,dormant,0
cisco/libfnr,C,1.0,3,0,0.468622,10.777778,1,0.555556,811,0.459502,active,12
shawcortez/first_app4_0,Ruby,0.391304,1,0,0.485944,0.0,0,0.0,270,0.08642,dormant,0
Gatou/GagaSurvivorRPG,Java,0.935484,0,0,0.262512,0.0,0,0.0,3964,0.0,dormant,0
robertkchang/minute_rotation,Ruby,0.8,1,0,0.037037,0.0,1,0.0,239,0.619658,dormant,0
preflightsiren/akamai-dns,Ruby,0.333333,2,0,0.016393,0.0,0,0.0,73,0.933333,dormant,1
skykinger/eggs,C++,0.0,1,0,0.0,0.0,0,0.0,12,0.0,active,0
SocraticGrid/sg-agents,Java,0.970509,1,0,0.222763,3.142857,1,0.0,87407,0.136838,dormant,0
maickon/C---Academia,C++,0.0,1,0,0.001835,0.0,0,0.0,550,0.0,dormant,0
c0bra2/Cpu-Monitor,Python,0.5,1,0,0.111111,0.0,1,0.0,160,0.0,dormant,0
GBGuinan/gbguinan.github.com,Ruby,1.0,9,0,0.143348,6.758621,1,0.0,3344,0.0,dormant,0
XingCloud/XA-QueryMaster,Java,0.6,2,0,0.012528,7.692308,0,0.0,39250,0.07633,active,0
Lorel/modalloy,Ruby,1.0,2,0,0.370024,0.0,0,0.0,1572,0.0,active,0
Raukobug/chess,C#,0.777778,1,0,0.04497,0.0,0,0.0,1608,0.0,active,0
Findxiaoxun/Network,C++,0.142857,1,0,0.172512,7.0,1,0.0,2520,0.0,active,3
bramfoo/dioscuri,Java,0.998073,3,0,0.353065,2.97619,1,0.0,89856,0.027955,dormant,0
parkghost/TOTP-authentication-demo,Java,0.714286,1,0,0.055303,6.0,1,0.0,4182,0.05644,dormant,23
shoyer/cyordereddict,Python,0.4,1,1,0.214796,0.0,1,0.0,2197,0.920222,active,83
johnnyubiali/projetoFP,Python,0.105263,1,0,0.054689,0.0,1,0.0,9220,0.004975,dormant,0
HexagonSystems/website,PHP,0.687898,3,0,0.147015,215.5,1,40.0,31256,0.074179,dormant,0
hemantkochale/SpringExamples,Java,0.5,2,0,0.207547,0.0,0,0.0,84,0.714286,dormant,0
brockluker/brandp,Ruby,0.310345,1,0,0.328181,0.0,0,0.0,779,0.205357,dormant,0
sporst/NHF,Java,0.957447,0,0,0.183657,0.0,1,0.0,8312,0.056906,dormant,4
xguse/rSeqPipeline,Python,0.851852,1,0,0.289686,1.133333,0,0.0,4320,0.012737,dormant,4
AshbyGeek/Hot-Stuff,C#,0.846154,2,0,0.113427,3.0,0,0.0,2921,0.0,dormant,1
Madzi/HexKingdoms,Java,1.0,1,0,0.02907,1.75,0,0.0,1169,0.0,dormant,0
tborychowski/py-bin,Python,1.0,1,0,0.068047,0.0,1,0.0,328,0.0,dormant,0
gromnitsky/minirake,Ruby,0.875,1,0,0.189689,0.0,0,0.0,1739,0.091698,dormant,3
tamagokun/phuby2,PHP,0.970588,2,0,0.236155,23.0,1,0.0,30197,0.955652,dormant,3
felixsoum/hunterino,C#,0.545455,1,0,0.020367,26.0,0,0.0,964,0.0,active,1
akruis/advancedPythonInstallation,Python,0.5,1,0,0.174098,0.0,1,0.0,1191,0.0,dormant,2
T045T/Echo-App,C#,0.666667,1,0,0.041237,0.0,0,0.0,29304,0.0,dormant,3
mattj23/voice-game,C#,0.652174,1,0,0.118776,3.0,0,0.0,2691,0.0,active,0
byelipk/ember_groups,Ruby,0.227273,1,0,0.355801,0.0,0,0.0,688,0.086142,dormant,0
Jvahaniemi/ODataV4Endpoint_01,C#,0.555556,2,0,0.001398,0.0,0,0.0,254194,0.0,active,0
itsPR/Quiz-App-ON-SMS,PHP,0.333333,1,0,0.172043,0.0,1,0.0,157,0.0,dormant,0
vincom2/python-NLB-scraper,Python,0.666667,1,0,0.048458,0.0,0,0.0,240,0.0,dormant,0
absolutholz/omnia,PHP,0.914446,2,1,0.322147,4.0,0,0.0,159370,0.00709,dormant,0
cbeust/jbus,Java,0.944444,0,0,0.104294,0.0,1,0.0,438,0.106494,dormant,4
sqrtxx-playground/codeigniter-sample,PHP,0.75,1,0,0.309613,0.0,1,0.0,45656,0.0,active,0
ustok/extgen,Java,0.907692,1,0,0.552994,6.25,1,3.0,4056,0.061833,active,0
satoruhiga/ofxAfterEffectsKeyframeParser,C++,0.0,1,0,0.015748,0.0,0,0.0,134,0.0,dormant,6
smartbooks/EntityFramework.WriteToServer,C#,0.875,1,0,0.042254,1.142857,0,0.0,529,0.0,active,0
Knitter/pivotal2redmine,PHP,0.333333,1,0,0.463415,0.0,1,0.0,154,0.0,dormant,1
ALL-IN/JavaRush,Java,0.990196,1,0,0.19302,0.0,0,0.0,2613,1.0,dormant,0
mastbaum/pytunia,Python,0.416667,1,0,0.016782,3.357143,1,0.0,4760,0.0,dormant,2
nyanev/Project-Euler,Python,0.5,2,0,0.28,0.0,0,0.0,23,0.0,dormant,0
svend/puppet-conf-tools,Ruby,0.0,0,0,0.230769,0.0,0,0.0,70,0.0,dormant,2
ca1ek/find_in_file,Python,0.0,1,0,0.0,0.0,0,0.0,55,0.0,active,0
mlouage/Xylos.Event,C#,0.782609,1,0,0.149166,0.0,1,0.0,40217,0.0,active,0
jbdemonte/homepage,PHP,0.333333,1,0,0.092118,0.0,0,0.0,5260,0.0,dormant,0
wooparadog/scripts,Python,0.75,1,0,0.112937,0.705882,1,0.0,3597,0.0,active,0
sandeepparhadonror/ThakurCompany,Ruby,0.428571,2,0,0.382445,10.0,0,0.0,406,0.141304,active,0
seldomawake/TwitterSentiment,Python,1.0,0,0,0.047619,0.0,0,0.0,60,0.0,dormant,2
a-slide/matrice_AA_SS,C,1.0,1,0,0.184839,0.0,1,0.0,788,0.0,dormant,0
growthrepublic/sledgehammer,Ruby,0.5625,2,1,0.045139,0.0,1,0.0,341,0.121076,dormant,3
WraithOne/ZFXAction2014,C++,0.769231,1,0,0.137236,0.0,1,0.0,1757,0.0,active,0
tshotoku/factory_girl_sample,Ruby,0.111111,1,0,0.475655,0.0,0,0.0,432,0.262673,active,0
Subaku/ipMacCrud,Python,0.666667,1,0,0.010363,0.0,0,0.0,195,0.0,dormant,0
wyao/petrel-os,C,0.764384,2,0,0.363125,0.0,0,0.0,39307,0.116357,dormant,3
huntinux/unpvol2,C,0.210526,1,0,0.117139,0.0,0,0.0,716,0.0,dormant,0
philss/formatted_url,Ruby,0.769231,1,1,0.201923,1.9,0,0.0,176,0.408537,dormant,1
Core-Techs/Logging,C#,0.924528,2,0,0.046136,1.444444,0,0.111111,13920,0.10302,active,0
wangxb07/commerce_alipay_logistics,PHP,0.0,2,0,0.0,0.230769,0,0.0,1,0.0,active,0
tsm-ics/device_samsung_epic4gtouch,C,0.689922,2,0,0.175695,0.0,1,0.0,23793,0.0,dormant,2
venixmedia/bootstrap,PHP,0.969639,1,0,0.274485,0.0,1,0.0,239366,0.0,dormant,0
Klaassen/Nachos-Files,Java,1.0,1,0,0.507692,0.0,0,0.0,267,0.0,active,0
tonyeung/owin-with-auth,C#,0.9375,1,0,0.071032,0.0,1,0.0,784,0.0,active,0
minejo/kindle-clips,Python,0.0,1,0,0.104046,0.0,1,0.0,252,0.0,dormant,3
luo-chengwei/MyTaxa,C++,0.555556,2,0,0.089744,5.285714,1,1.0,2444,0.0,dormant,3
strifey16/KFT_Proj,C,0.8,1,0,0.096834,0.0,0,0.0,492,0.0,dormant,0
tfox12/RoboticsLab,C++,0.4,0,0,0.044248,0.0,0,0.0,544,0.0,dormant,0
